depth_zone,phys_zone,contaminant,ssp,n_models,baseline_dry,ensemble_median,ensemble_p5,ensemble_p95,ensemble_std,pct_change_median,pct_change_p5,pct_change_p95
Deep,Brahmaputra_Floodplain,As,ssp245,5,0.47725,1.6057982869431897,1.0617857613328017,1.8947983881588069,0.33983068853936543,236.46899674032264,122.4799918979155,297.02428248482073
Deep,Brahmaputra_Floodplain,As,ssp585,6,0.47725,2.044252301277643,1.5807070307478712,2.3481381022999166,0.3216379853676305,328.33992693088385,231.2115308010207,392.0142697328269
Deep,Brahmaputra_Floodplain,Mn2+,ssp245,5,0.22784,0.1979559861314869,0.1834371296370922,0.22528621804928675,0.017072495748412454,-13.116227997065081,-19.48861936574254,-1.1208663758397277
Deep,Brahmaputra_Floodplain,Mn2+,ssp585,6,0.22784,0.19242868406502983,0.1771619962086307,0.21571638269616597,0.01615852635710601,-15.542185715840132,-22.24280363034115,-5.321110122820408
Deep,Brahmaputra_Floodplain,Fe2+,ssp245,5,1.344715,1.4605317623634186,1.4549570071105278,1.4634932839396546,0.0034824067955103186,8.612736703570535,8.19816891389831,8.83297084807223
Deep,Brahmaputra_Floodplain,Fe2+,ssp585,6,1.344715,1.5291798806841521,1.5244297116895338,1.5322939431106137,0.003295977507954575,13.717767756301669,13.364520488693415,13.949345631647867
Deep,Brahmaputra_Floodplain,Cr3+,ssp245,5,0.0034,0.002458057530839547,0.002166879661811826,0.003006169477047616,0.00034239149157006693,-27.70419026942509,-36.26824524082865,-11.583250675070108
Deep,Brahmaputra_Floodplain,Cr3+,ssp585,6,0.0034,0.002136367241213935,0.0018301915007998136,0.002603405569238726,0.0003240616968083431,-37.165669376060734,-46.17083821177019,-23.429247963566876
Deep,Brahmaputra_Floodplain,NO3-,ssp245,5,1.75,1.6398869855915732,1.5792249295441316,1.7540769743849207,0.07133156074376365,-6.292172251910102,-9.75857545462105,0.23296996485261243
Deep,Brahmaputra_Floodplain,NO3-,ssp585,6,1.75,1.6258681752529045,1.5620815626666293,1.7231678269247355,0.06751285350173786,-7.093247128405458,-10.738196419049753,-1.5332670328722589
Deep,Eastern_Hills,As,ssp245,5,0.10005,0.9576334489792502,0.5268243106590359,1.1864956143116752,0.26911543248042735,857.1548715434784,426.56103014396393,1085.9026629801851
Deep,Eastern_Hills,As,ssp585,6,0.10005,1.2826185754963602,0.9155322876479755,1.5232688802651038,0.2547084429201471,1181.9775867030087,815.074750272839,1422.5076264518777
Deep,Eastern_Hills,Mn2+,ssp245,5,0.226445,0.21095804754745884,0.20037979821390606,0.2308704977932426,0.012438797562497408,-6.839167326521305,-11.51061042906399,1.954336723373262
Deep,Eastern_Hills,Mn2+,ssp585,6,0.226445,0.2107993274006019,0.19967621789780735,0.22776644065913565,0.011772891393632962,-6.909259466712938,-11.82131736280009,0.5835592126722348
Deep,Eastern_Hills,Fe2+,ssp245,5,5.62028,4.397461716650677,3.9473122569244707,5.2448210893904825,0.529323692970782,-21.757248452912005,-29.766626272632845,-6.680430701130861
Deep,Eastern_Hills,Fe2+,ssp585,6,5.62028,4.0437643324634465,3.5704287572396067,4.765787100655955,0.5009865558235329,-28.050482672332226,-36.47240427096859,-15.20374250649514
Deep,Eastern_Hills,Cr3+,ssp245,5,0.0066,0.006073879449570503,0.005861562253404456,0.00647354441034722,0.00024966046260317383,-7.971523491356012,-11.18845070599309,-1.9159937826178768
Deep,Eastern_Hills,Cr3+,ssp585,6,0.0066,0.005938213613385162,0.005714960469333198,0.006278762394236572,0.00023629498725608348,-10.027066463861187,-13.409689858587909,-4.867236450961036
Deep,Eastern_Hills,NO3-,ssp245,5,1.6,1.7040000000000002,1.7040000000000002,1.7040000000000002,0.0,6.500000000000005,6.500000000000005,6.500000000000005
Deep,Eastern_Hills,NO3-,ssp585,6,1.6,1.7680000000000002,1.7680000000000002,1.7680000000000002,2.220446049250313e-16,10.500000000000009,10.500000000000009,10.500000000000009
Deep,GBM_Delta,As,ssp245,5,3.5416,4.973056358969292,4.477735586480276,5.23618955286572,0.30941419772261736,40.4183521281142,26.432561172359275,47.84813510463407
Deep,GBM_Delta,As,ssp585,6,3.5416,5.620831912387233,5.198776186326848,5.897518463936594,0.29284982950595423,58.708829692433746,46.791737811352164,66.5213029121469
Deep,GBM_Delta,Mn2+,ssp245,5,0.2213999999999999,0.20285871548464393,0.19159498491775517,0.22406151260379228,0.013244844198901796,-8.3745639184083,-13.462066432811538,1.2021285473316996
Deep,GBM_Delta,Mn2+,ssp585,6,0.2213999999999999,0.20142770278096017,0.18958380455594084,0.21949430210338547,0.01253578663820247,-9.020911119710812,-14.370458646819815,-0.8607488241257607
Deep,GBM_Delta,Fe2+,ssp245,5,1.6623450000000002,1.8140136443163482,1.8027887684179624,1.8199767244258116,0.007011892421111868,9.123776611735106,8.448533151539676,9.482491566179787
Deep,GBM_Delta,Fe2+,ssp585,6,1.6623450000000002,1.9020652533726392,1.8925006976132983,1.90833547738987,0.006636513499220697,14.420607838483527,13.84524257078393,14.797799337073217
Deep,GBM_Delta,Cr3+,ssp245,5,0.0090499999999999,0.008328407530839443,0.008037229661811722,0.008876519477047512,0.0003423914915700671,-7.973397449286907,-11.190832466167842,-1.9169118558275144
Deep,GBM_Delta,Cr3+,ssp585,6,0.0090499999999999,0.00814231724121383,0.007836141500799707,0.008609355569238619,0.0003240616968083428,-10.029643743492601,-13.41280109613488,-4.868999234931338
Deep,GBM_Delta,NO3-,ssp245,5,2.2,2.25345479423663,2.2291899718176533,2.299130789753969,0.028532624297505325,2.4297633743922584,1.3268169008024158,4.505944988816754
Deep,GBM_Delta,NO3-,ssp585,6,2.2,2.3078472701011625,2.282332625066653,2.3467671307698947,0.027005141400694987,4.902148640961925,3.7423920484842146,6.6712332168133885
Deep,Ganges_Floodplain,As,ssp245,5,10.1645,12.060704777986953,11.767495718062609,12.21646855916165,0.18316018846858453,18.65517022959272,15.770531930371472,20.187599578549353
Deep,Ganges_Floodplain,As,ssp585,6,10.1645,13.089602397857863,12.839763163270554,13.253389196594021,0.17335477932201748,28.777631933276236,26.31967301166367,30.388993030587056
Deep,Ganges_Floodplain,Mn2+,ssp245,5,0.2566,0.32331086834608236,0.3028948402497199,0.3341566373468043,0.012753369745377401,25.998000134872317,18.041636886095056,30.2247222707733
Deep,Ganges_Floodplain,Mn2+,ssp585,6,0.2566,0.35475499144653283,0.3373587867241263,0.36615939991083285,0.012070623077575634,38.252140080488246,31.472637070976727,42.696570503052556
Deep,Ganges_Floodplain,Fe2+,ssp245,5,2.67919,2.7895148668104954,2.7627823119515087,2.8398361110719472,0.03143439218856157,4.11784408013225,3.1200591205367485,5.996070120892771
Deep,Ganges_Floodplain,Fe2+,ssp585,6,2.67919,2.881090577470451,2.8529810930359316,2.9239685879691932,0.029751564281145688,7.5358812727149145,6.486702810772338,9.136290743440854
Deep,Ganges_Floodplain,Cr3+,ssp245,5,0.00615,0.004516116569402803,0.004008375160286079,0.005471886775602439,0.0005970451634248759,-26.56721025361296,-34.8231681254296,-11.02623129101726
Deep,Ganges_Floodplain,Cr3+,ssp585,6,0.00615,0.003960479126868647,0.003426585179521906,0.0047748772113612925,0.0005650825838091432,-35.60196541676997,-44.28316781265194,-22.35972014046679
Deep,Ganges_Floodplain,NO3-,ssp245,5,1.3,1.5635904115267418,1.4722384204920638,1.6121200563646951,0.05706524859501097,20.27618550205706,13.249109268620286,24.009235104976543
Deep,Ganges_Floodplain,NO3-,ssp585,6,1.3,1.682805459797677,1.604965738460212,1.733834749866697,0.05401028280139039,29.446573830590527,23.458902958477847,33.37190383589977
Deep,Meghna_Floodplain,As,ssp245,5,2.1632,4.387647703421636,3.3964272152004207,4.9142216478386525,0.6191900464582055,102.83134723657713,57.00939419380645,127.17370783277795
Deep,Meghna_Floodplain,As,ssp585,6,2.1632,5.290024785625937,4.445420024271187,5.843721286850469,0.5860419491791629,144.54626412841796,105.50203514567251,170.14244114508458
Deep,Meghna_Floodplain,Mn2+,ssp245,5,0.27423,0.22028550138236744,0.19793941979617133,0.26234966755417294,0.0262764070311803,-19.67126084587118,-27.81992495490233,-4.332251192731297
Deep,Meghna_Floodplain,Mn2+,ssp585,6,0.27423,0.20688621221791192,0.18338913773950571,0.24272848490426446,0.024869709844435282,-24.55741085296578,-33.12579304251696,-11.487260728489048
Deep,Meghna_Floodplain,Fe2+,ssp245,5,3.802265,4.033583362669799,4.015899766711409,4.066870886302948,0.020793863272414698,6.0836991285404745,5.6186185526629355,6.959164768971873
Deep,Meghna_Floodplain,Fe2+,ssp585,6,3.802265,4.191599759267973,4.173005323832948,4.219963580726829,0.019680671924291827,10.239548250002912,9.750512492762816,10.985519965779067
Deep,Meghna_Floodplain,Cr3+,ssp245,5,0.0062,0.006602981370374068,0.006520764578442857,0.006646658050728226,5.1358723735510085e-05,6.499699522162394,5.173622232949311,7.204162108519778
Deep,Meghna_Floodplain,Cr3+,ssp585,6,0.0062,0.0068122749138179095,0.006742219164614191,0.006858201274880028,4.860925452125148e-05,9.875401835772736,8.745470397003084,10.616149594839166
Deep,Meghna_Floodplain,NO3-,ssp245,5,1.25,1.4207952057633702,1.3751192102460317,1.4450600281823467,0.02853262429750524,13.663616461069612,10.009536819682534,15.604802254587735
Deep,Meghna_Floodplain,NO3-,ssp585,6,1.25,1.5044027298988376,1.4654828692301054,1.5299173749333475,0.02700514140069499,20.35221839190701,17.238629538408432,22.393389994667796
Deep,Northern_Terrace,As,ssp245,5,1.7324,2.9384230250276433,2.438122427127349,3.2042016911883,0.3125249670866526,69.61573684066286,40.736690552259816,84.95738231287808
Deep,Northern_Terrace,As,ssp585,6,1.7324,3.445126638764454,3.018827674894659,3.7245949244887013,0.29579406504716516,98.86438690628341,74.2569657639494,114.99624362091328
Deep,Northern_Terrace,Mn2+,ssp245,5,0.23079,0.1914881767855848,0.1743341605764892,0.2237788218165677,0.020171138747121557,-17.02925742641154,-24.46199550392599,-3.037903801478532
Deep,Northern_Terrace,Mn2+,ssp585,6,0.23079,0.18249989759801594,0.16446231929086902,0.21001429309777642,0.019091284713221513,-20.923827896349085,-28.73940842719831,-9.001996144643867
Deep,Northern_Terrace,Fe2+,ssp245,5,2.81453,3.0852339478334776,3.0591324001950944,3.0991000806048015,0.01630496815480925,9.618087134742838,8.690701473961706,10.110749596017861
Deep,Northern_Terrace,Fe2+,ssp585,6,2.81453,3.2395364075006903,3.217295653121543,3.2541167514056606,0.015432088053427126,15.10043977149614,14.310227751047,15.618478090681592
Deep,Northern_Terrace,Cr3+,ssp245,5,0.0041,0.004349445205763371,0.004303769210246032,0.004373710028182348,2.8532624297505582e-05,6.084029408862702,4.969980737708094,6.675854345910923
Deep,Northern_Terrace,Cr3+,ssp585,6,0.0041,0.00448145272989884,0.004442532869230107,0.00450696737493335,2.7005141400695297e-05,9.303725119483886,8.354460225124555,9.92603353495974
Deep,Northern_Terrace,NO3-,ssp245,5,1.2,1.278,1.278,1.278,0.0,6.500000000000006,6.500000000000006,6.500000000000006
Deep,Northern_Terrace,NO3-,ssp585,6,1.2,1.326,1.326,1.326,2.220446049250313e-16,10.50000000000001,10.50000000000001,10.50000000000001
Intermediate,Barind_Tract,As,ssp245,5,1.0008,1.4152368918604312,1.2702019032942249,1.4922849824874076,0.09059964193186913,41.410560737453174,26.918655405098423,49.10921088003674
Intermediate,Barind_Tract,As,ssp585,6,1.0008,1.6020148632477813,1.4784326296663552,1.6830315156258608,0.08574942548962736,60.07342758271197,47.725082900315286,68.1686166692507
Intermediate,Barind_Tract,Mn2+,ssp245,5,0.61305,0.5763777744760911,0.5491635628920878,0.6276056872485628,0.032000764780867365,-5.98193059683695,-10.421081006102634,2.3743067039495673
Intermediate,Barind_Tract,Mn2+,ssp585,6,0.61305,0.5779204557819575,0.5493045056435026,0.6215710255149745,0.030287616337949748,-5.730290223969087,-10.39809058910323,1.389939730034168
Intermediate,Barind_Tract,Fe2+,ssp245,5,2.69996,2.6634255438739602,2.5964582737209474,2.7894844401024885,0.07874576316747058,-1.353148051305933,-3.83345406150656,3.3157691263014493
Intermediate,Barind_Tract,Fe2+,ssp585,6,2.69996,2.7002718983886895,2.6298553052901967,2.8076848758552915,0.07453013949470887,0.01155196331388662,-2.59650864123184,3.989869326037851
Intermediate,Barind_Tract,Cr3+,ssp245,5,0.0103,0.010836017808645057,0.010767503815369048,0.010872415042273521,4.279893644625846e-05,5.204056394612203,4.538871993874249,5.557427594888556
Intermediate,Barind_Tract,Cr3+,ssp585,6,0.0103,0.011133629094848259,0.011075249303845158,0.011171901062400024,4.0507712101043514e-05,8.09348635775008,7.526692270341337,8.46505885825266
Intermediate,Barind_Tract,NO3-,ssp245,5,1.0,1.109772602881685,1.0869346051230158,1.1219050140911733,0.014266312148752604,10.9772602881685,8.693460512301577,12.190501409117328
Intermediate,Barind_Tract,NO3-,ssp585,6,1.0,1.1665763649494187,1.1471164346150526,1.1793336874666736,0.013502570700347494,16.657636494941876,14.711643461505265,17.933368746667355
Intermediate,Brahmaputra_Floodplain,As,ssp245,5,1.0633,1.9688911180494961,1.577468390663883,2.1768297270100376,0.24451175054868868,85.16797875007019,48.35590996556786,104.72394686448207
Intermediate,Brahmaputra_Floodplain,As,ssp585,6,1.0633,2.341956476504593,2.0084307845108555,2.5606055028600783,0.23142190949032782,120.25359508178248,88.8865592505272,140.81684405718784
Intermediate,Brahmaputra_Floodplain,Mn2+,ssp245,5,0.3311,0.25887262815496054,0.22996958493059644,0.313279590215439,0.03398663543197375,-21.814367817891714,-30.543767764845537,-5.382183565255515
Intermediate,Brahmaputra_Floodplain,Mn2+,ssp585,6,0.3311,0.24003142578099823,0.20963965634814155,0.28639081781655906,0.032167174179438165,-27.504854792812374,-36.68388512590108,-13.503226271048305
Intermediate,Brahmaputra_Floodplain,Fe2+,ssp245,5,4.2173,4.745178551863616,4.643707044022071,4.799084068108494,0.06338665150812339,12.51697891692828,10.11090138292442,13.795178623965425
Intermediate,Brahmaputra_Floodplain,Fe2+,ssp585,6,4.2173,5.022269747106764,4.935807330638141,5.07895180678318,0.05999327187871443,19.087324760077866,17.037140602711247,20.4313614583544
Intermediate,Brahmaputra_Floodplain,Cr3+,ssp245,5,0.0057,0.0049820753394846035,0.004727294704085348,0.005461673292416664,0.00029959255512380836,-12.595169482726257,-17.065005191485124,-4.181170308479582
Intermediate,Brahmaputra_Floodplain,Cr3+,ssp585,6,0.0057,0.0047659963360621935,0.004498092563199838,0.0051746548730838855,0.0002835539847073001,-16.386029191891346,-21.086095382458986,-9.216581173966926
Intermediate,Brahmaputra_Floodplain,NO3-,ssp245,5,2.1,2.191727397118315,2.1795949859088264,2.2145653948769843,0.014266312148752663,4.367971291348323,3.7902374242298236,5.455494994142107
Intermediate,Brahmaputra_Floodplain,NO3-,ssp585,6,2.1,2.2589236350505812,2.246166312533326,2.2783835653849476,0.013502570700347537,7.567792145265769,6.960300596825043,8.49445549452131
Intermediate,Eastern_Hills,As,ssp245,5,0.2156,0.24004619176946607,0.23907559887270724,0.24187323159015917,0.0011413049718999382,11.338678928323771,10.888496694205577,12.186099995435598
Intermediate,Eastern_Hills,As,ssp585,6,0.2156,0.25594989080404773,0.2549293050026676,0.2575066852307966,0.0010802056560275362,18.715162710597273,18.241792672851375,19.437238047679312
Intermediate,Eastern_Hills,Mn2+,ssp245,5,0.25443,0.22193863378568462,0.2059638879461513,0.25200942543452487,0.018784453206262795,-12.77025752242871,-19.04889834290323,-0.951371522805927
Intermediate,Eastern_Hills,Mn2+,ssp585,6,0.25443,0.2160966402710995,0.1992990737126298,0.2417195305423596,0.017778834841147714,-15.066367853201463,-21.66840635434901,-4.995664606233699
Intermediate,Eastern_Hills,Fe2+,ssp245,5,4.13407,3.613020576229621,3.3844483755251025,4.043283886403404,0.2687744676200727,-12.603788125754505,-18.132775315243762,-2.1960468399566673
Intermediate,Eastern_Hills,Fe2+,ssp585,6,4.13407,3.49487641962593,3.254531014865349,3.861497615139324,0.25438573148040916,-15.461605158453295,-21.27537717393879,-6.593318082680662
Intermediate,Eastern_Hills,Cr3+,ssp245,5,0.0044,0.0031836493106681962,0.0028075445631741782,0.0038916272411867246,0.00044225567661119374,-27.644333848450092,-36.19216901876868,-11.553926336665356
Intermediate,Eastern_Hills,Cr3+,ssp585,6,0.0044,0.002768332686568616,0.002372855688533837,0.003371590526933776,0.00041857969171064143,-37.08334803253146,-46.071461624230984,-23.372942569686916
Intermediate,Eastern_Hills,NO3-,ssp245,5,1.4,1.535772602881685,1.5129346051230157,1.5479050140911732,0.014266312148752604,9.698043062977503,8.066757508786843,10.564643863655236
Intermediate,Eastern_Hills,NO3-,ssp585,6,1.4,1.6085763649494187,1.5891164346150526,1.6213336874666735,0.013502570700347494,14.898311782101343,13.508316758218049,15.8095491047624
Intermediate,GBM_Delta,As,ssp245,5,20.466,23.21355973561825,23.169192357372484,23.23712937087492,0.027715164611381234,13.42499626511409,13.20821048261743,13.540161100727646
Intermediate,GBM_Delta,As,ssp585,6,20.466,24.883484404187236,24.845679597526665,24.90826805464151,0.02623144409956539,21.58450309873563,21.399783042737532,21.7055997979161
Intermediate,GBM_Delta,Mn2+,ssp245,5,0.302985,0.2783304483150696,0.2631109450733269,0.3069795746034326,0.017896375275002954,-8.13721857020328,-13.160405606440293,1.3184067209375414
Intermediate,GBM_Delta,Mn2+,ssp585,6,0.302985,0.2766420089892009,0.26063858575743026,0.3010535185971467,0.01693829981505109,-8.694486859349182,-13.976406172770844,-0.6374841668245355
Intermediate,GBM_Delta,Fe2+,ssp245,5,4.3518550000000005,4.741581561666277,4.715933348283403,4.755206866075093,0.01602178185865682,8.955412385437395,8.366049610646545,9.268504260254357
Intermediate,GBM_Delta,Fe2+,ssp585,6,4.3518550000000005,4.969342066656447,4.947487591894436,4.98366917770945,0.015164062025025507,14.189054245981223,13.686866678564332,14.518272729892177
Intermediate,GBM_Delta,Cr3+,ssp245,5,0.01155,0.011328860956774716,0.011146874788632391,0.01167143092315476,0.0002139946822312915,-1.9146237508682522,-3.4902615702823216,1.0513499840238938
Intermediate,GBM_Delta,Cr3+,ssp585,6,0.01155,0.011354004525758708,0.011162644687999882,0.011645903480774203,0.00020253856050521453,-1.6969305129116123,-3.353725645022662,0.8303331668762169
Intermediate,GBM_Delta,NO3-,ssp245,5,2.9,2.887023287032416,2.832427436589719,2.9897942769464283,0.06419840466938703,-0.44747286095116334,-2.33008839345796,3.0963543774630478
Intermediate,GBM_Delta,NO3-,ssp585,6,2.9,2.9274063577276146,2.8699984063999673,3.014976044232262,0.06076156815156389,0.9450468181936098,-1.0345377103459528,3.964691180422837
Intermediate,Ganges_Floodplain,As,ssp245,5,4.426550000000001,4.995487086280715,4.993721820449735,4.998810014954602,0.002075748417643559,12.852833160829858,12.812954116631099,12.92790129908396
Intermediate,Ganges_Floodplain,As,ssp585,6,4.426550000000001,5.34716613889986,5.3453099484736,5.349997558763511,0.0019646240369005975,20.797599460072956,20.755666342266544,20.861563944008548
Intermediate,Ganges_Floodplain,Mn2+,ssp245,5,0.755175,0.7311839394009406,0.7034007177312124,0.7834829542682936,0.03266985482064374,-3.1768875557399836,-6.855931707059643,3.748529051980478
Intermediate,Ganges_Floodplain,Mn2+,ssp585,6,0.755175,0.7410345242658304,0.7118202557013164,0.785597764731529,0.030920886903795953,-1.8724766754950382,-5.741019538343257,4.028571487606043
Intermediate,Ganges_Floodplain,Fe2+,ssp245,5,3.70431,3.4612760216009653,3.3171235645743087,3.7326279757703733,0.1695066144266209,-6.56084340670826,-10.452322711265833,0.7644602036647397
Intermediate,Ganges_Floodplain,Fe2+,ssp585,6,3.70431,3.4394273222169796,3.2878499189959625,3.670642430477786,0.16043214403325023,-7.150661736815236,-11.242581776472205,-0.9088755941650177
Intermediate,Ganges_Floodplain,Cr3+,ssp245,5,0.00855,0.007562658214990277,0.00720475208431037,0.00823637914887103,0.00042085620838820757,-11.547857134616644,-15.733893750755906,-3.668080130163391
Intermediate,Ganges_Floodplain,Cr3+,ssp585,6,0.00855,0.007272147233992129,0.006895806219733106,0.007846215178855935,0.0003983258356602553,-14.945646386056973,-19.34729567563619,-8.231401416889648
Intermediate,Ganges_Floodplain,NO3-,ssp245,5,1.15,1.22475,1.22475,1.22475,0.0,6.500000000000009,6.500000000000009,6.500000000000009
Intermediate,Ganges_Floodplain,NO3-,ssp585,6,1.15,1.2707499999999998,1.2707499999999998,1.2707499999999998,0.0,10.499999999999995,10.499999999999995,10.499999999999995
Intermediate,Meghna_Floodplain,As,ssp245,5,7.7431,15.016568997952406,11.81991161367367,16.714754727355704,1.9968699777730763,93.93484519058784,52.65089710417881,115.8664453171947
Intermediate,Meghna_Floodplain,As,ssp585,6,7.7431,17.988056378335177,15.264230469503593,19.773711568397882,1.8899683234983582,132.31078480628145,97.1333247601554,155.3720288824616
Intermediate,Meghna_Floodplain,Mn2+,ssp245,5,0.26086,0.29224731453404695,0.2900754209471982,0.2934011068400689,0.0013567262853459558,12.032245087037865,11.199655350455494,12.47454835546613
Intermediate,Meghna_Floodplain,Mn2+,ssp585,6,0.26086,0.3105403923066879,0.30868975293189027,0.31175361367807847,0.0012840944736026453,19.0448486953492,18.335410922291764,19.50993394084125
Intermediate,Meghna_Floodplain,Fe2+,ssp245,5,2.02999,2.372071504966149,2.278346645964345,2.421861707328768,0.05854751842726637,16.851388675123953,12.234377803060354,19.304120085752523
Intermediate,Meghna_Floodplain,Fe2+,ssp585,6,2.02999,2.538471984115921,2.4586103760167153,2.590826759994484,0.05541319989715661,25.048496993380308,21.1144082491399,27.627562697081455
Intermediate,Meghna_Floodplain,Cr3+,ssp245,5,0.0193,0.014769532859961555,0.013337908337242051,0.017464416595484335,0.0016834248335526852,-23.47392300538055,-30.891666646414247,-9.510794842050082
Intermediate,Meghna_Floodplain,Cr3+,ssp585,6,0.0193,0.013249888935969133,0.011744524878933165,0.015546160715424159,0.0015933033426408843,-31.347725720367187,-39.147539487392926,-19.449944479667575
Intermediate,Meghna_Floodplain,NO3-,ssp245,5,1.6,1.7935452057633703,1.7478692102460318,1.8178100281823468,0.02853262429750524,12.096575360210636,9.241825640376982,13.613126761396671
Intermediate,Meghna_Floodplain,NO3-,ssp585,6,1.6,1.8911527298988375,1.8522328692301055,1.9166673749333474,0.027005141400694977,18.19704561867734,15.764554326881592,19.791710933334205
Intermediate,Northern_Terrace,As,ssp245,5,1.5482,2.906327376818719,2.3162254879315602,3.219811897096205,0.3686215330867634,87.72299294785681,49.60764035212248,107.9713148880122
Intermediate,Northern_Terrace,As,ssp585,6,1.5482,3.464369063382066,2.9615517074445092,3.794000416976412,0.34888752329800204,123.76754058791279,91.28999531355828,145.05880486864825
Intermediate,Northern_Terrace,Mn2+,ssp245,5,0.284665,0.2654971250508368,0.25228068289978084,0.290375697909243,0.01554100713924358,-6.733484955706961,-11.376290411613356,2.00611171350289
Intermediate,Northern_Terrace,Mn2+,ssp585,6,0.284665,0.26541050684235123,0.25151331755817974,0.2866091819520928,0.014709025392423428,-6.763913075948489,-11.645858269130475,0.6829718975261387
Intermediate,Northern_Terrace,Fe2+,ssp245,5,7.16305,7.117727282742315,6.954045283391746,7.425841561903855,0.1924710970924684,-0.6327293158317321,-2.9178173628308306,3.6687104222901556
Intermediate,Northern_Terrace,Fe2+,ssp585,6,7.16305,7.234849087557898,7.062736222280855,7.497388845677934,0.18216723208959984,1.002353572261791,-1.4004338615414518,4.66754867937448
Intermediate,Northern_Terrace,Cr3+,ssp245,5,0.00285,0.002782059588473258,0.002733529943635304,0.002873411579507936,5.7065248595011137e-05,-2.3838740886576213,-4.086668644375296,0.8214589301030206
Intermediate,Northern_Terrace,Cr3+,ssp585,6,0.00285,0.002783244540202323,0.0027322152501333026,0.002861084261539788,5.401028280139053e-05,-2.342296835006221,-4.132798240936754,0.3889214575364153
Intermediate,Northern_Terrace,NO3-,ssp245,5,1.6,1.5920684927957867,1.561737464772066,1.6491634871924603,0.03566578037188179,-0.49571920026333927,-2.3914084517458742,3.0727179495287635
Intermediate,Northern_Terrace,NO3-,ssp585,6,1.6,1.6140590876264522,1.5821657813333148,1.6627089134623678,0.033756426750868956,0.8786929766532586,-1.1146386666678332,3.9193070913979833
Medium_Deep,Brahmaputra_Floodplain,As,ssp245,5,0.6407,1.8452223394454748,1.2732949291746647,2.1490518868824497,0.3572684018787862,188.00098945613777,98.73496631413526,235.422488978063
Medium_Deep,Brahmaputra_Floodplain,As,ssp585,6,0.6407,2.317291592155319,1.8299604487778511,2.636770668490434,0.3381421775346655,261.68122243722786,185.6189244229516,311.5452892914677
Medium_Deep,Brahmaputra_Floodplain,Mn2+,ssp245,5,0.20013,0.14853278935945133,0.12891104071034615,0.18546868313454692,0.02307290663817745,-25.781847119646567,-35.58634851829004,-7.32589659993658
Medium_Deep,Brahmaputra_Floodplain,Mn2+,ssp585,6,0.20013,0.13416438496730593,0.11353196726014972,0.16563693029707593,0.021837707593671818,-32.96138261764557,-43.27089029123584,-17.235331885736304
Medium_Deep,Brahmaputra_Floodplain,Fe2+,ssp245,5,3.47868,4.089187415869921,3.9161804476488955,4.181095283746279,0.10807302105166174,17.549973434461357,12.576622386908117,20.192006270949864
Medium_Deep,Brahmaputra_Floodplain,Fe2+,ssp585,6,3.47868,4.383459275037831,4.236042518782873,4.480101096035044,0.1022873740834133,26.00927004029778,21.771548943359917,28.787387630798005
Medium_Deep,Brahmaputra_Floodplain,Cr3+,ssp245,5,0.0035,0.0034126369855915725,0.0033519749295441302,0.00352682697438492,7.133156074376387e-05,-2.4960861259550744,-4.229287727310567,0.766484982426278
Medium_Deep,Brahmaputra_Floodplain,Cr3+,ssp585,6,0.0035,0.0034126181752529034,0.003348831562666628,0.003509917826924735,6.751285350173806e-05,-2.496623564202762,-4.3190982095249115,0.28336648356385036
Medium_Deep,Brahmaputra_Floodplain,NO3-,ssp245,5,2.5,2.3490917798282016,2.2641649013617835,2.5089577641388883,0.09986418504126929,-6.036328806871936,-9.43340394552866,0.35831056555553076
Medium_Deep,Brahmaputra_Floodplain,NO3-,ssp585,6,2.5,2.3314654453540653,2.2421641877332803,2.467684957694629,0.09451799490243325,-6.741382185837388,-10.313432490668788,-1.2926016922148342
Medium_Deep,Eastern_Hills,As,ssp245,5,0.0942,1.0654124720816696,0.5762545332878298,1.3252717348132168,0.3055644333892763,1031.0111168595217,511.7351733416452,1306.8702068080856
Medium_Deep,Eastern_Hills,As,ssp585,6,0.0942,1.432861530305633,1.0160570664459754,1.706105518373712,0.2892061608024656,1421.0844270760433,978.6168433609079,1711.1523549614774
Medium_Deep,Eastern_Hills,Mn2+,ssp245,5,0.12961,0.1375152509412315,0.13600476574565057,0.14035858166218518,0.0017761558625192988,6.099260042613598,4.93385212996726,8.293018796532039
Medium_Deep,Eastern_Hills,Mn2+,ssp585,6,0.12961,0.14371822256379915,0.14212993591040127,0.14614098389042715,0.0016810700521928713,10.88513429812449,9.659699028162382,12.754404668179268
Medium_Deep,Eastern_Hills,Fe2+,ssp245,5,3.5606,3.386360805690249,3.263887754253827,3.6169035416646906,0.14401414124801473,-4.893534637694517,-8.33320917109962,1.5812936489549696
Medium_Deep,Eastern_Hills,Fe2+,ssp585,6,3.5606,3.3876406687450964,3.258859325130162,3.584082827491424,0.1363044004487992,-4.857589486460247,-8.474433378358645,0.6595188308550196
Medium_Deep,Eastern_Hills,Cr3+,ssp245,5,0.0065,0.0064177054783873585,0.006326712394316196,0.00658899046157738,0.00010699734111564575,-1.2660695632714034,-2.6659631643662114,1.3690840242673878
Medium_Deep,Eastern_Hills,Cr3+,ssp585,6,0.0065,0.006447677262879354,0.006351997343999941,0.0065936267403871015,0.00010126928025260726,-0.8049651864714675,-2.2769639384624383,1.4404113905707963
Medium_Deep,Eastern_Hills,NO3-,ssp245,5,1.2,1.4123178086450567,1.343803815369048,1.4487150422735218,0.04279893644625837,17.6931507204214,11.983651280753998,20.72625352279349
Medium_Deep,Eastern_Hills,NO3-,ssp585,6,1.2,1.5107290948482581,1.4523493038451594,1.549001062400023,0.04050771210104275,25.89409123735485,21.029108653763284,29.083421866668587
Medium_Deep,GBM_Delta,As,ssp245,5,3.1667,4.720858132663555,4.138088382956816,5.030447542322235,0.36404133357140656,49.078161261362126,30.675099723902367,58.8545660252703
Medium_Deep,GBM_Delta,As,ssp585,6,3.1667,5.402984971415056,4.906415226111347,5.728520586615238,0.34455252297465555,70.61878205750642,54.93779726880814,80.89874590631376
Medium_Deep,GBM_Delta,Mn2+,ssp245,5,0.2581799999999999,0.24810675440347518,0.23810115487901048,0.2669412511550493,0.011765427629075991,-3.9016366862362424,-7.777072244553968,3.3934662464363585
Medium_Deep,GBM_Delta,Mn2+,ssp585,6,0.2581799999999999,0.25077221182621556,0.24025124794623573,0.26682081637296695,0.011135570056576298,-2.869233935155453,-6.944283853809043,3.346818643181906
Medium_Deep,GBM_Delta,Fe2+,ssp245,5,2.7692449999999997,3.0921630856814635,3.0376259470337614,3.1211352836497213,0.03406795341122118,11.660870947910487,9.691484394979922,12.707083831503589
Medium_Deep,GBM_Delta,Fe2+,ssp585,6,2.7692449999999997,3.265214229499211,3.218743915860745,3.295678715670416,0.03224413883242974,17.90990791711139,16.231821881442244,19.010008708886943
Medium_Deep,GBM_Delta,Cr3+,ssp245,5,0.01325,0.011707210267442912,0.011149119351806569,0.012757758164341484,0.0006562503588424854,-11.643696094770469,-15.855703005233439,-3.7150327219510606
Medium_Deep,GBM_Delta,Cr3+,ssp585,6,0.01325,0.011252237212327324,0.01066540037653372,0.01214739400770798,0.0006211182522158563,-15.077455001303212,-19.506412252575704,-8.32155465880769
Medium_Deep,GBM_Delta,NO3-,ssp245,5,2.1500000000000004,2.2002047942366305,2.175939971817654,2.2458807897539685,0.02853262429750509,2.335106708680472,1.206510317100168,4.459571616463636
Medium_Deep,GBM_Delta,NO3-,ssp585,6,2.1500000000000004,2.252597270101163,2.2270826250666533,2.291517130769895,0.027005141400694987,4.7719660512168645,3.585238375193161,6.5821921288323155
Medium_Deep,Ganges_Floodplain,As,ssp245,5,2.9532,4.475992222241146,3.8950643570536445,4.78460315293578,0.36289075549660965,51.564141346374996,31.89300951691876,62.01419317810444
Medium_Deep,Ganges_Floodplain,As,ssp585,6,2.9532,5.1396838375818845,4.6446835356596425,5.464190574721049,0.34346354064767237,74.03778401672372,57.27629471961407,85.02609287285145
Medium_Deep,Ganges_Floodplain,Mn2+,ssp245,5,0.62914,0.6667175237473044,0.6591699507338818,0.6809250421529722,0.008875072787738822,5.972839709334073,4.773174608812318,8.23108404376962
Medium_Deep,Ganges_Floodplain,Mn2+,ssp585,6,0.62914,0.6965288633649676,0.6885925330269834,0.7086348860259764,0.008399949232685985,10.711266707722848,9.449809744569315,12.635484316046718
Medium_Deep,Ganges_Floodplain,Fe2+,ssp245,5,2.81262,2.9869049171172786,2.974683939305961,3.0099096322595864,0.01437045622743845,6.196532667664976,5.7620275510364465,7.014443197431097
Medium_Deep,Ganges_Floodplain,Fe2+,ssp585,6,2.81262,3.104984247586451,3.0921337966148204,3.124586235412258,0.013601139466459947,10.39472973904939,9.93784430939197,11.091659570516391
Medium_Deep,Ganges_Floodplain,Cr3+,ssp245,5,0.007,0.004676189032862686,0.003972509182712483,0.006000792902865292,0.0008274461046275186,-33.19729953053305,-43.2498688183931,-14.274387101924406
Medium_Deep,Ganges_Floodplain,Cr3+,ssp585,6,0.007,0.003869570832934293,0.0031296461269336275,0.004998246792327344,0.0007831491006200278,-44.72041667236725,-55.2907696152339,-28.59647439532366
Medium_Deep,Ganges_Floodplain,NO3-,ssp245,5,1.1,1.26104520576337,1.2153692102460316,1.2853100281823469,0.028532624297505266,14.640473251215456,10.488110022366502,16.84636619839516
Medium_Deep,Ganges_Floodplain,NO3-,ssp585,6,1.1,1.3386527298988375,1.2997328692301053,1.3641673749333474,0.02700514140069499,21.69570271807613,18.157533566373203,24.01521590303157
Medium_Deep,Meghna_Floodplain,As,ssp245,5,2.9352,6.1441658719784416,4.70194631351846,6.910327639857632,0.9009176121937384,109.32699209520447,60.19168416184449,135.42953256533224
Medium_Deep,Meghna_Floodplain,As,ssp585,6,2.9352,7.440139446555833,6.211244845940602,8.245764363520488,0.8526873397269523,153.47981216120988,111.6123209982489,180.92683168167375
Medium_Deep,Meghna_Floodplain,Mn2+,ssp245,5,0.26492,0.372753434227149,0.33180262044607933,0.3945080607668822,0.025580924313928177,40.70415001779746,25.246346235119788,48.91592207718641
Medium_Deep,Meghna_Floodplain,Mn2+,ssp585,6,0.26492,0.41983913999080197,0.38494553890825034,0.4427142949964917,0.02421145952279295,58.47770647395515,45.3063335755135,67.11244715253348
Medium_Deep,Meghna_Floodplain,Fe2+,ssp245,5,3.921055,4.095823256433722,4.060305015997384,4.162682636772114,0.04176534213108117,4.457174317466132,3.5513405447611524,6.162311846483011
Medium_Deep,Meghna_Floodplain,Fe2+,ssp585,6,3.921055,4.234840042792327,4.197492343256937,4.291809961842701,0.039529450853802606,8.002566727381463,7.050075636708415,9.455489959786366
Medium_Deep,Meghna_Floodplain,Cr3+,ssp245,5,0.0231,0.021314543827098867,0.020586599154529563,0.022684823692619042,0.0008559787289251676,-7.729247501736502,-10.880523140564659,-1.797300031952196
Medium_Deep,Meghna_Floodplain,Cr3+,ssp585,6,0.0231,0.020860718103034838,0.020095278751999533,0.022028313923096815,0.0008101542420208582,-9.693861025823209,-13.007451290045308,-4.63933366624755
Medium_Deep,Meghna_Floodplain,NO3-,ssp245,5,2.05,2.071318492795786,2.0409874647720656,2.1284134871924603,0.03566578037188176,1.0399264778432367,-0.43963586477727884,3.8250481557297777
Medium_Deep,Meghna_Floodplain,NO3-,ssp585,6,2.05,2.111309087626452,2.0794157813333145,2.1599589134623676,0.033756426750868956,2.99068720129036,1.4349161626007163,5.363849437188671
Medium_Deep,Northern_Terrace,As,ssp245,5,4.0949,5.810675393889288,5.207016869532583,6.131361713460727,0.37709001597826325,41.90030022440812,27.15858432519923,49.731659221488364
Medium_Deep,Northern_Terrace,As,ssp585,6,4.0949,6.582427793616042,6.0680590230320055,6.919631893856631,0.3569026492657286,60.74697290815507,48.18576822466984,68.98170636295468
Medium_Deep,Northern_Terrace,Mn2+,ssp245,5,0.36571,0.33814302225775567,0.3203666133536137,0.3716052565737576,0.020903000560352127,-7.537933811556783,-12.398727583710118,1.612003110048293
Medium_Deep,Northern_Terrace,Mn2+,ssp585,6,0.36571,0.33692759007611256,0.3182355611238309,0.36544028000202544,0.019783966590148926,-7.87028244343535,-12.981444006499435,-0.07375242623240763
Medium_Deep,Northern_Terrace,Fe2+,ssp245,5,4.83835,5.418668645300952,5.315157704259558,5.473657585866837,0.06466063318300713,11.994143567558185,9.8547584250738,13.13066615409875
Medium_Deep,Northern_Terrace,Fe2+,ssp585,6,4.83835,5.727070816496749,5.638870628249267,5.784892105073955,0.06119905144225576,18.368262248426607,16.5453228528169,19.563324378640548
Medium_Deep,Northern_Terrace,Cr3+,ssp245,5,0.0041,0.0033644479423662896,0.0031217997181765223,0.003821207897539681,0.00028532624297505585,-17.94029408862709,-23.85854345910922,-6.799807377080957
Medium_Deep,Northern_Terrace,Cr3+,ssp585,6,0.0041,0.003126772701011613,0.0028716262506665122,0.003515971307698939,0.0002700514140069527,-23.737251194838716,-29.96033534959727,-14.244602251245398
Medium_Deep,Northern_Terrace,NO3-,ssp245,5,1.3,1.2501821913549434,1.2137849577264783,1.3186961846309522,0.04279893644625837,-3.8321391265428226,-6.63192632873244,1.438168048534779
Medium_Deep,Northern_Terrace,NO3-,ssp585,6,1.3,1.251770905151742,1.213498937599977,1.3101506961548408,0.04050771210104283,-3.7099303729429223,-6.653927876924853,0.7808227811415973
Shallow,Barind_Tract,As,ssp245,5,0.8106,0.911903693137767,0.9107996437177037,0.9139819509338057,0.001298234405536364,12.497371470240191,12.361169962707098,12.753756591883265
Shallow,Barind_Tract,As,ssp585,6,0.8106,0.9752225507896034,0.9740616344405333,0.9769934044500306,0.0012287339337315204,20.30872820004977,20.165511280598732,20.527190284977866
Shallow,Barind_Tract,Mn2+,ssp245,5,0.68141,0.7224871886726709,0.7144148888744379,0.7376824504814015,0.009492090788172532,6.02826325892942,4.843616746809993,8.258236668290971
Shallow,Barind_Tract,Mn2+,ssp585,6,0.68141,0.7549170455809044,0.7464289610440489,0.7678647102288748,0.008983935415476147,10.787491463422095,9.541826660020975,12.687619821968397
Shallow,Barind_Tract,Fe2+,ssp245,5,1.04605,1.1632943236746858,1.1451084260594573,1.1729553627208011,0.011360264364051683,11.20829058598402,9.469760150992531,12.131863937746878
Shallow,Barind_Tract,Fe2+,ssp585,6,1.04605,1.2268855594092218,1.2113896168839662,1.2370442153297119,0.010752097048686701,17.287468037782318,15.806091189136875,18.258612430544616
Shallow,Barind_Tract,Cr3+,ssp245,5,0.01055,0.011514391645588817,0.011232342373269248,0.011664226924026,0.00017618895503709688,9.141153038756558,6.46770022056159,10.5613926447962
Shallow,Barind_Tract,Cr3+,ssp585,6,0.01055,0.01197511810712533,0.011734787967495906,0.01213267104021343,0.00016675674814929328,13.50822850355762,11.230217701382994,15.00162123425051
Shallow,Barind_Tract,NO3-,ssp245,5,1.1,1.1491136985591583,1.143047492954414,1.1605326974384926,0.0071331560743761995,4.464881687196205,3.9134084504012736,5.502972494408413
Shallow,Barind_Tract,NO3-,ssp585,6,1.1,1.1847118175252915,1.1783331562666643,1.1944417826924745,0.0067512853501735404,7.70107432048104,7.121196024242205,8.585616608406761
Shallow,Brahmaputra_Floodplain,As,ssp245,5,0.5,1.267723911269206,0.9092724012477844,1.4581469581666089,0.22391547569953396,153.54478225384122,81.85448024955689,191.62939163332177
Shallow,Brahmaputra_Floodplain,As,ssp585,6,0.5,1.5714656784271148,1.2660342878571027,1.7716969582644393,0.2119282481702358,214.29313568542295,153.20685757142053,254.33939165288785
Shallow,Brahmaputra_Floodplain,Mn2+,ssp245,5,0.3706899999999999,0.3304934674215477,0.30915437596573925,0.3706620797793834,0.02509230312283368,-10.84370567818182,-16.600292436877357,-0.007531959485414806
Shallow,Brahmaputra_Floodplain,Mn2+,ssp585,6,0.3706899999999999,0.3246623305087143,0.30222411379924036,0.3588894289773142,0.023748996476306277,-12.416755102993235,-18.469849793833006,-3.183406895973921
Shallow,Brahmaputra_Floodplain,Fe2+,ssp245,5,2.6371,2.834311630384065,2.8320131450804276,2.838638289059445,0.0027027528365812558,7.478352371319431,7.391192790581598,7.642421184613574
Shallow,Brahmaputra_Floodplain,Fe2+,ssp585,6,2.6371,2.9577089576603326,2.9552920829094385,2.9613956414621785,0.0025580620191809006,12.157633675641135,12.065984714627364,12.297434358279103
Shallow,Brahmaputra_Floodplain,Cr3+,ssp245,5,0.004,0.004538805754638412,0.004343540873801787,0.004642537870479537,0.00012197696887183642,13.470143865960287,8.58852184504467,16.063446761988423
Shallow,Brahmaputra_Floodplain,Cr3+,ssp585,6,0.004,0.0047784779203175354,0.004612095515958704,0.004887553027840066,0.00011544697948797224,19.461948007938386,15.302387898967591,22.188825696001658
Shallow,Brahmaputra_Floodplain,NO3-,ssp245,5,1.8,1.961772602881685,1.9389346051230159,1.9739050140911734,0.014266312148752604,8.98736682676028,7.718589173500877,9.66138967173185
Shallow,Brahmaputra_Floodplain,NO3-,ssp585,6,1.8,2.0505763649494186,2.0311164346150523,2.063333687466674,0.013502570700347601,13.920909163856589,12.83980192305846,14.629649303704102
Shallow,GBM_Delta,As,ssp245,5,15.335,19.04267357858562,18.16831855059518,19.507164154982004,0.5461871872462157,24.177851832967853,18.476156182557418,27.20680896629933
Shallow,GBM_Delta,As,ssp585,6,15.335,20.912807289725016,20.16778191088077,21.401222658030377,0.5169472695198792,36.37305047098151,31.51471738428933,39.55802189781791
Shallow,GBM_Delta,Mn2+,ssp245,5,0.203395,0.18989408536957536,0.1805035990934314,0.2075706956347856,0.011042125603134653,-6.637780983025459,-11.25465272330618,2.052998173399356
Shallow,GBM_Delta,Mn2+,ssp585,6,0.203395,0.18990525352914941,0.180031085900794,0.20496723960794894,0.010450989722069063,-6.632290110794551,-11.486965805062068,0.7729981602049925
Shallow,GBM_Delta,Fe2+,ssp245,5,3.528815,3.88169154750641,3.842093885092541,3.9027273286819812,0.024735645319114995,9.999859655618392,8.87773615484351,10.595974248635349
Shallow,GBM_Delta,Fe2+,ssp585,6,3.528815,4.0802098703675505,4.04646927015731,4.102329154014093,0.023411432208797746,15.625496671476137,14.669351330611272,16.2523156927777
Shallow,GBM_Delta,Cr3+,ssp245,5,0.00645,0.008723033020108103,0.007691897421304172,0.0092708113862165,0.0006441239935161881,35.24082201717989,19.254223586111188,43.73350986382171
Shallow,GBM_Delta,Cr3+,ssp585,6,0.00645,0.009636522877466285,0.008757907022869646,0.01021251598912035,0.0006096410671206957,49.40345546459357,35.781504230537145,58.333581226672095
Shallow,GBM_Delta,NO3-,ssp245,5,2.2,2.365386301440842,2.3539673025615078,2.371452507045586,0.007133156074376056,7.517559156401902,6.998513752795799,7.793295774799359
Shallow,GBM_Delta,NO3-,ssp585,6,2.2,2.4617881824747085,2.452058217307526,2.4681668437333357,0.006751285350173526,11.89946283975947,11.457191695796618,12.189401987878888
Shallow,Ganges_Floodplain,As,ssp245,5,5.5763,6.748636097856971,6.52041370245481,6.869876496314509,0.14256468393370145,21.023547833814018,16.93082693640605,23.197756510849654
Shallow,Ganges_Floodplain,As,ssp585,6,5.5763,7.3626617725760415,7.168196742751686,7.490146972223223,0.13493253926564375,32.03489361361551,28.54754483710859,34.321090547912114
Shallow,Ganges_Floodplain,Mn2+,ssp245,5,0.48376,0.4769411987229697,0.4614602420196627,0.5060824838630318,0.018203814301808403,-1.409542185594164,-4.6096738011281095,4.614371560904532
Shallow,Ganges_Floodplain,Mn2+,ssp585,6,0.48376,0.48646023832454155,0.4701818947925242,0.5112911094311927,0.017229280213643432,0.558177262390757,-2.8067854323374855,5.691067767321129
Shallow,Ganges_Floodplain,Fe2+,ssp245,5,2.83742,2.538136365472625,2.3970643276520573,2.803689752011107,0.16588439777205274,-10.54773824556728,-15.519580194258959,-1.1887647224906004
Shallow,Ganges_Floodplain,Fe2+,ssp585,6,2.83742,2.478943421277636,2.3306051022437497,2.705217653226547,0.15700384133243211,-12.63389201184047,-17.861821575806548,-4.659244904647638
Shallow,Ganges_Floodplain,Cr3+,ssp245,5,0.0052,0.004283484927957861,0.003980174647720653,0.004854434871924601,0.0003566578037188195,-17.6252898469642,-23.458179851525905,-6.645483232219216
Shallow,Ganges_Floodplain,Cr3+,ssp585,6,0.0052,0.003988190876264516,0.0036692578133331395,0.004474689134623673,0.0003375642675086907,-23.30402161029777,-29.43734974359347,-13.948285872621671
Shallow,Ganges_Floodplain,NO3-,ssp245,5,1.0,1.1993178086450567,1.1308038153690478,1.2357150422735217,0.04279893644625837,19.931780864505665,13.080381536904785,23.571504227352168
Shallow,Ganges_Floodplain,NO3-,ssp585,6,1.0,1.289729094848258,1.2313493038451593,1.3280010624000234,0.04050771210104287,28.972909484825806,23.13493038451593,32.800106240002336
Shallow,Meghna_Floodplain,As,ssp245,5,22.421,24.239016137892534,23.94183029883388,24.7984374605907,0.34945616934612816,8.108541714876834,6.783061856446556,10.603619198923786
Shallow,Meghna_Floodplain,As,ssp585,6,22.421,25.621084625290983,25.30859145876632,26.09775951081735,0.3307481698191547,14.272711410244789,12.878959273744792,16.398731148554266
Shallow,Meghna_Floodplain,Mn2+,ssp245,5,0.56043,0.5956120569130515,0.5893517327289559,0.6073964637565243,0.007361417068756035,6.27768979409588,5.160632501642655,8.380433552187492
Shallow,Meghna_Floodplain,Mn2+,ssp585,6,0.56043,0.6228088356861015,0.6162260572671983,0.6328501597386338,0.006967326481378963,11.130531143247413,9.955936917580836,12.922248940747963
Shallow,Meghna_Floodplain,Fe2+,ssp245,5,5.14651,5.565484163069332,5.55653395174771,5.57023885502233,0.005590967731095894,8.140937510455275,7.967029146891968,8.233324233749276
Shallow,Meghna_Floodplain,Fe2+,ssp585,6,5.14651,5.8191020374236775,5.81147569072564,5.8241016321181895,0.005291657457465934,13.068895959080567,12.920711136782787,13.166041300185746
Shallow,Meghna_Floodplain,Cr3+,ssp245,5,0.0097,0.009361938353893031,0.009167819774541217,0.009727346318031745,0.00022826099438004455,-3.4851716093501945,-5.486394076894678,0.2819208044509723
Shallow,Meghna_Floodplain,Cr3+,ssp585,6,0.0097,0.00932587816080929,0.00912176100053321,0.009637237046159151,0.0002160411312055621,-3.856926177223812,-5.961226798626707,-0.6470407612458685
Shallow,Meghna_Floodplain,NO3-,ssp245,5,2.0,2.3090904115267414,2.2177384204920636,2.357620056364695,0.057065248595011005,15.454520576337071,10.88692102460318,17.881002818234748
Shallow,Meghna_Floodplain,NO3-,ssp585,6,2.0,2.456305459797677,2.378465738460212,2.507334749866697,0.05401028280139036,22.815272989883837,18.923286923010597,25.366737493334846
Shallow,Northern_Terrace,As,ssp245,5,1.03485,1.904974217674796,1.529756191598847,2.1043042742616453,0.23438908876354103,84.08215854228108,47.82395435076067,103.34389276336138
Shallow,Northern_Terrace,As,ssp585,6,1.03485,2.263840466754732,1.9441225683297445,2.4734375349180993,0.22184116044989616,118.76025189686735,87.86515614144508,139.01411169909642
Shallow,Northern_Terrace,Mn2+,ssp245,5,0.28801,0.26899076696801233,0.25572033558707397,0.2939709689164451,0.01560449222830579,-6.6036710641948755,-11.211299751024626,2.0697090088695176
Shallow,Northern_Terrace,Mn2+,ssp585,6,0.28801,0.2690434520183251,0.25508949264895153,0.2903287238180549,0.014769111832040237,-6.585378279113541,-11.430334832487919,0.8050844825023173
Shallow,Northern_Terrace,Fe2+,ssp245,5,4.8810649999999995,4.944509258309079,4.8585335328936,5.106349587526003,0.10109750772652923,1.2998035942786978,-0.46160965089380374,4.615480177502312
Shallow,Northern_Terrace,Fe2+,ssp585,6,4.8810649999999995,5.059721358604186,4.969317230451785,5.1976231819221566,0.09568529213947848,3.6601921630665952,1.8080527600387506,6.485432624276814
Shallow,Northern_Terrace,Cr3+,ssp245,5,0.0033499999999999,0.003368718492795682,0.0033383874647719613,0.003425813487192356,3.5665780371882076e-05,0.5587609789785862,-0.3466428426250436,2.2630891699241324
Shallow,Northern_Terrace,Cr3+,ssp585,6,0.0033499999999999,0.0034071090876263456,0.0033752157813332078,0.0034557589134622613,3.37564267508691e-05,1.7047488843715632,0.7527098905465246,3.1569824914138667
Shallow,Northern_Terrace,NO3-,ssp245,5,1.95,1.852886985591573,1.7922249295441315,1.9670769743849206,0.07133156074376372,-4.980154585047533,-8.091029254147102,0.8757422761497753
Shallow,Northern_Terrace,NO3-,ssp585,6,1.95,1.8468681752529044,1.7830815626666294,1.9441678269247353,0.06751285350173786,-5.288811525492082,-8.559919863249771,-0.2990857987315192
