depth_zone,phys_zone,contaminant,dry_median,wet_median,delta_median,delta_pct,sensitivity_per_pct,sensitivity_CI_lo,sensitivity_CI_hi,delta_pct_CI_lo,delta_pct_CI_hi,mann_whitney_p,effect_size_r,n_dry,n_wet,significant
Shallow,Barind_Tract,As,0.7997,1.5506099999999998,0.7509099999999999,93.89896211079153,0.025030333333333328,-0.12814077083333333,0.13547925833333332,-480.70815618356886,508.237807927973,0.2216641201207581,-0.13696715583508046,53,54,False
Shallow,Barind_Tract,Mn2+,0.73547,0.6193500000000001,-0.11611999999999989,-15.78854338042339,-0.003870666666666663,-0.011748575,0.007292666666666666,-47.92272288468599,29.746964526085357,0.3613317808685552,-0.10272536687631018,53,54,False
Shallow,Barind_Tract,Fe2+,0.85185,1.24637,0.39452,46.31331807243059,0.013150666666666666,-0.026619999999999998,0.048213174999999955,-93.74889945412924,169.7945941186827,0.49113464934786843,0.07756813417190778,53,54,False
Shallow,Barind_Tract,Cr3+,0.0106,0.01533,0.00473,44.62264150943396,0.00015766666666666666,-0.00033508333333333334,0.0002980291666666666,-94.83490566037737,84.34787735849054,0.5624279188028656,0.06498951781970652,53,54,False
Shallow,Barind_Tract,NO3-,1.1,1.3,0.19999999999999996,18.181818181818176,0.006666666666666665,-0.010000000000000002,0.01333333333333333,-27.272727272727277,36.36363636363635,0.5326622517728037,-0.07023060796645697,53,54,False
Shallow,Barind_Tract,ORP,-9.7,-30.85,-21.150000000000002,218.04123711340208,-0.7050000000000001,-2.724708333333333,0.675,842.6932989690721,-208.76288659793815,0.32030686655779206,-0.11180992313067795,53,54,False
Shallow,Northern_Terrace,As,1.14405,3.20695,2.0629,180.3155456492286,0.06876333333333333,-0.003407208333333332,0.18914499999999998,-8.934596390017914,495.98793759014023,0.17886884053071272,0.2165242165242165,26,27,False
Shallow,Northern_Terrace,Mn2+,0.55535,0.0606,-0.49475,-89.08796254614208,-0.01649166666666667,-0.02779158333333333,0.010517770833333336,-150.1300981363104,56.81698478437023,0.01306155810512353,-0.3988603988603989,26,27,True
Shallow,Northern_Terrace,Fe2+,4.36683,4.72,0.35316999999999954,8.087560083630448,0.011772333333333319,-0.12361487499999999,0.11328684999999998,-84.92307348809089,77.82774919106078,0.5276291104676637,-0.10256410256410264,26,27,False
Shallow,Northern_Terrace,Cr3+,0.0030499999999999998,0.00228,-0.0007699999999999999,-25.24590163934426,-2.5666666666666663e-05,-0.00011016666666666664,0.00014666666666666666,-108.3606557377049,144.26229508196724,0.7541264660869509,0.05128205128205132,26,27,False
Shallow,Northern_Terrace,NO3-,2.05,1.5,-0.5499999999999998,-26.829268292682922,-0.018333333333333326,-0.04333333333333333,0.006666666666666665,-63.41463414634146,9.75609756097561,0.04515825407735945,-0.32193732193732183,26,27,True
Shallow,Northern_Terrace,ORP,-4.0,5.9,9.9,-247.5,0.33,-1.5008333333333332,4.276666666666667,1125.625,-3207.5000000000005,0.31904941424073663,0.16096866096866091,26,27,False
Shallow,Brahmaputra_Floodplain,As,0.7136,6.39768,5.68408,796.5358744394618,0.18946933333333332,-0.002259666666666667,0.5115437499999991,-9.499719730941706,2150.5482763452874,0.01863528954683171,0.39826086956521745,23,25,True
Shallow,Brahmaputra_Floodplain,Mn2+,0.36365,0.0606,-0.30305,-83.33562491406572,-0.010101666666666667,-0.023306666666666667,0.008876666666666666,-192.27278977038364,73.22975388422934,0.008766117000597097,-0.4434782608695653,23,25,True
Shallow,Brahmaputra_Floodplain,Fe2+,2.66452,3.20006,0.5355400000000001,20.098929638358882,0.017851333333333337,-0.151786775,0.13269433333333333,-170.89769451908788,149.40139312146277,0.7726379704313897,0.050434782608695605,23,25,False
Shallow,Brahmaputra_Floodplain,Cr3+,0.0041,0.00489,0.0007899999999999999,19.268292682926823,2.633333333333333e-05,-0.00015666666666666666,0.00021000833333333313,-114.6341463414634,153.6646341463413,0.9092182827643636,-0.02086956521739136,23,25,False
Shallow,Brahmaputra_Floodplain,NO3-,1.8,2.1,0.30000000000000004,16.666666666666668,0.010000000000000002,-0.019999999999999997,0.03666666666666667,-33.33333333333333,61.111111111111114,0.4324438981281097,0.13391304347826083,23,25,False
Shallow,Brahmaputra_Floodplain,ORP,-10.5,-51.2,-40.7,387.61904761904765,-1.3566666666666667,-4.056666666666667,0.8666666666666667,1159.047619047619,-247.61904761904762,0.07257124933888297,-0.30434782608695654,23,25,False
Shallow,Ganges_Floodplain,As,5.5763,13.949100000000001,8.372800000000002,150.14974086760043,0.27909333333333336,-0.2222345,1.2673758333333323,-119.56019224216776,681.8369707512144,0.6915571947384656,0.06021505376344083,31,30,False
Shallow,Ganges_Floodplain,Mn2+,0.48376,0.5559499999999999,0.07218999999999992,14.922688936662789,0.0024063333333333306,-0.018836583333333334,0.005854333333333334,-116.81360592029107,36.30519265751612,0.06585355294706445,-0.2752688172043012,31,30,False
Shallow,Ganges_Floodplain,Fe2+,2.83742,2.8103949999999998,-0.027025000000000077,-0.9524497606981017,-0.0009008333333333358,-0.1428335166666667,0.08025177083333326,-151.0176674584658,84.85007947360623,0.49318829828355704,-0.10322580645161294,31,30,False
Shallow,Ganges_Floodplain,Cr3+,0.0053,0.001,-0.0043,-81.13207547169812,-0.00014333333333333334,-0.0002766666666666666,-2.8499999999999995e-05,-156.60377358490564,-16.13207547169811,0.006021294776150443,-0.403225806451613,31,30,True
Shallow,Ganges_Floodplain,NO3-,1.0,1.35,0.3500000000000001,35.00000000000001,0.011666666666666669,0.0,0.039208333333333296,0.0,117.62499999999989,0.1273459075068161,0.22795698924731178,31,30,False
Shallow,Ganges_Floodplain,ORP,-59.8,-71.94999999999999,-12.149999999999991,20.31772575250835,-0.4049999999999997,-2.1233333333333335,1.2460833333333323,106.5217391304348,-62.512541806020025,0.7509540775105372,-0.048387096774193505,31,30,False
Shallow,GBM_Delta,As,12.426,24.5546,12.1286,97.60663125704168,0.4042866666666667,-0.4507572916666666,1.0246649166666664,-108.82599991952358,247.38409383550612,0.29256272897137214,0.1791304347826087,25,23,False
Shallow,GBM_Delta,Mn2+,0.21023,0.0894,-0.12083,-57.47514626837273,-0.004027666666666667,-0.008567366666666666,0.018818,-122.25705180040907,268.5344622556248,0.2563474083717905,-0.19304347826086965,25,23,False
Shallow,GBM_Delta,Fe2+,2.97427,4.6,1.6257299999999995,54.65979887501805,0.05419099999999998,-0.03159933333333334,0.12582466666666667,-31.872694812508623,126.91315852293168,0.26509517082151457,0.18956521739130439,25,23,False
Shallow,GBM_Delta,Cr3+,0.007,0.01109,0.004089999999999999,58.428571428571416,0.0001363333333333333,-0.00014066666666666665,0.00039133333333333327,-60.285714285714285,167.7142857142857,0.6201972235623188,0.0852173913043478,25,23,False
Shallow,GBM_Delta,NO3-,1.7,2.1,0.40000000000000013,23.52941176470589,0.013333333333333338,-0.030000000000000006,0.1,-52.941176470588246,176.47058823529412,0.3580847082118851,0.15652173913043477,25,23,False
Shallow,GBM_Delta,ORP,-100.7,-45.6,55.1,-54.71698113207547,1.8366666666666667,-1.7474166666666664,4.111999999999998,52.058093346573976,-122.5024826216484,0.30212892624113963,0.17565217391304344,25,23,False
Shallow,Meghna_Floodplain,As,22.421,15.128,-7.292999999999999,-32.52754114446278,-0.24309999999999998,-4.324801416666667,0.7900766666666665,-578.6719704741091,105.71473172472234,0.2552290582344271,-0.21303258145363402,19,21,False
Shallow,Meghna_Floodplain,Mn2+,0.56043,0.6193,0.05886999999999998,10.504434095248289,0.0019623333333333324,-0.019007666666666666,0.021144666666666666,-101.74865728101636,113.18808771835913,0.6845519562136833,-0.07769423558897248,19,21,False
Shallow,Meghna_Floodplain,Fe2+,5.14651,4.14119,-1.0053200000000002,-19.534014312611852,-0.033510666666666675,-0.11965190833333332,0.0821651583333333,-69.7474064948868,47.895656473998855,0.4482408685024878,-0.1428571428571428,19,21,False
Shallow,Meghna_Floodplain,Cr3+,0.0097,0.00458,-0.00512,-52.78350515463918,-0.00017066666666666668,-0.0005148333333333332,0.0004443333333333333,-159.2268041237113,137.42268041237114,0.2516157735258515,-0.21303258145363402,19,21,False
Shallow,Meghna_Floodplain,NO3-,2.0,2.3,0.2999999999999998,14.999999999999991,0.009999999999999993,-0.039999999999999994,0.04333333333333333,-59.999999999999986,64.99999999999999,0.9567587995272129,0.01253132832080206,19,21,False
Shallow,Meghna_Floodplain,ORP,-18.5,-90.9,-72.4,391.3513513513514,-2.4133333333333336,-4.1485,-0.42999999999999994,672.7297297297297,69.72972972972971,0.0346393634420191,-0.3934837092731829,19,21,True
Intermediate,Barind_Tract,As,0.9025,3.99806,3.0955600000000003,342.99833795013853,0.10318533333333334,-0.024331933333333333,0.137098625,-80.8817728531856,455.7295013850416,0.5589096416809932,0.08965517241379306,30,29,False
Intermediate,Barind_Tract,Mn2+,0.61833,0.097,-0.5213300000000001,-84.31258389533097,-0.01737766666666667,-0.022687133333333335,0.004210833333333334,-110.07293839858976,20.430029272395,0.014334732835123796,-0.37241379310344835,30,29,True
Intermediate,Barind_Tract,Fe2+,2.69995,2.63204,-0.06790999999999991,-2.515231763551174,-0.002263666666666664,-0.07204931666666668,0.0701652291666666,-80.05627881997816,77.96280949647209,0.5492412690680933,-0.09195402298850586,30,29,False
Intermediate,Barind_Tract,Cr3+,0.0103,0.001,-0.0093,-90.29126213592232,-0.00031,-0.00034833333333333336,0.00035400000000000004,-101.45631067961165,103.10679611650487,0.8126872180669201,-0.0367816091954023,30,29,False
Intermediate,Barind_Tract,NO3-,1.0,1.1,0.10000000000000009,10.000000000000009,0.003333333333333336,-0.013333333333333338,0.018333333333333326,-40.000000000000014,54.999999999999986,0.9696511606703201,-0.006896551724137945,30,29,False
Intermediate,Barind_Tract,ORP,-61.9,-58.7,3.1999999999999957,-5.169628432956374,0.10666666666666652,-2.536958333333333,1.9790833333333326,122.95436187399031,-95.91680129240709,0.8318935469611521,-0.03333333333333344,30,29,False
Intermediate,Northern_Terrace,As,1.8745,4.6352899999999995,2.760789999999999,147.28140837556677,0.09202633333333331,0.002203195833333338,0.23884916666666667,3.5260536142971532,382.2606028274206,0.1030147188803042,0.30000000000000004,21,20,False
Intermediate,Northern_Terrace,Mn2+,0.2884,0.07955,-0.20884999999999998,-72.41678224687934,-0.006961666666666666,-0.026309000000000003,0.019402933333333327,-273.6719833564494,201.8335644937586,0.07831683501712947,-0.32380952380952377,21,20,False
Intermediate,Northern_Terrace,Fe2+,7.90227,4.27,-3.63227,-45.964893631829845,-0.12107566666666666,-0.2353144,0.10189266666666662,-89.33422927842254,38.682302680115946,0.12069080052744556,-0.2857142857142858,21,20,False
Intermediate,Northern_Terrace,Cr3+,0.0032,0.002025,-0.0011750000000000003,-36.71875000000001,-3.916666666666667e-05,-0.00012666666666666666,0.00017221666666666663,-118.74999999999997,161.45312499999997,0.7419862804861665,0.06190476190476191,21,20,False
Intermediate,Northern_Terrace,NO3-,1.6,1.25,-0.3500000000000001,-21.875000000000007,-0.011666666666666669,-0.016666666666666666,0.006666666666666665,-31.25,12.499999999999996,0.4640778792978375,-0.13571428571428568,21,20,False
Intermediate,Northern_Terrace,ORP,-42.0,-57.150000000000006,-15.150000000000006,36.07142857142859,-0.5050000000000002,-1.4368333333333334,0.9746249999999996,102.6309523809524,-69.6160714285714,0.32803673911534825,-0.18095238095238098,21,20,False
Intermediate,Brahmaputra_Floodplain,As,1.0627499999999999,5.7837,4.72095,444.2201834862386,0.157365,-0.04252345833333333,0.30230491666666665,-120.03799106092686,853.366031521995,0.031860113246305756,0.2927927927927928,36,37,True
Intermediate,Brahmaputra_Floodplain,Mn2+,0.328785,0.0712,-0.257585,-78.34451085055584,-0.008586166666666667,-0.0180781,-0.0056329666666666755,-164.95369314293535,-51.3980260656661,0.0022812151778059883,-0.4159159159159158,36,37,True
Intermediate,Brahmaputra_Floodplain,Fe2+,3.790615,4.13412,0.3435050000000004,9.06198598380475,0.01145016666666668,-0.058606966666666656,0.12208231666666665,-46.38321222281872,96.61940080963114,0.7364700324424742,0.04654654654654655,36,37,False
Intermediate,Brahmaputra_Floodplain,Cr3+,0.00515,0.001,-0.00415,-80.58252427184466,-0.00013833333333333333,-0.00023333333333333333,-6.57916666666667e-05,-135.92233009708738,-38.325242718446624,0.04745266647373205,-0.26726726726726735,36,37,True
Intermediate,Brahmaputra_Floodplain,NO3-,2.1,1.7,-0.40000000000000013,-19.04761904761905,-0.013333333333333338,-0.025875000000000002,0.006666666666666662,-36.964285714285715,9.523809523809517,0.34195858468165774,-0.12987987987987992,36,37,False
Intermediate,Brahmaputra_Floodplain,ORP,-28.35,-61.9,-33.55,118.34215167548498,-1.1183333333333332,-3.3964583333333334,1.6604583333333307,359.41358024691357,-175.7098765432096,0.1948156180270102,-0.17717717717717707,36,37,False
Intermediate,Ganges_Floodplain,As,4.4356,14.226849999999999,9.791249999999998,220.74240238073762,0.3263749999999999,-0.3241979166666667,0.6148768750000001,-219.26994093245563,415.86947087203544,0.5644373577365168,0.07702702702702702,37,40,False
Intermediate,Ganges_Floodplain,Mn2+,0.78158,0.5522,-0.22938000000000003,-29.348243302029225,-0.007646000000000001,-0.02611,0.0017985416666666666,-100.22006704368074,6.903483968371758,0.003265800200176605,-0.39054054054054044,37,40,True
Intermediate,Ganges_Floodplain,Fe2+,3.90689,2.53941,-1.36748,-35.001753312737236,-0.04558266666666667,-0.09208586666666667,0.010801012499999981,-70.71036041454968,8.293818740737501,0.11998707733848737,-0.20675675675675675,37,40,False
Intermediate,Ganges_Floodplain,Cr3+,0.0086,0.001,-0.0076,-88.37209302325581,-0.00025333333333333333,-0.00031,-0.00019666666666666666,-108.13953488372093,-68.6046511627907,7.007310721724768e-06,-0.5817567567567568,37,40,True
Intermediate,Ganges_Floodplain,NO3-,1.1,1.35,0.25,22.727272727272727,0.008333333333333333,-0.011666666666666669,0.021666666666666664,-31.818181818181824,59.09090909090908,0.967432149727298,0.0060810810810810745,37,40,False
Intermediate,Ganges_Floodplain,ORP,-73.2,-90.1,-16.89999999999999,23.087431693989057,-0.563333333333333,-1.6401666666666666,0.46049999999999947,67.21994535519126,-18.872950819672106,0.15642271698131474,-0.18851351351351342,37,40,False
Intermediate,GBM_Delta,As,12.187750000000001,13.2631,1.0753499999999985,8.823203626592262,0.035844999999999946,-0.5117034583333333,0.4482519999999999,-125.9551906627556,110.33669052942498,0.4344949220138179,0.07761194029850749,70,67,False
Intermediate,GBM_Delta,Mn2+,0.289755,0.0833,-0.206455,-71.25157460613278,-0.0068818333333333336,-0.009873266666666667,0.008785379166666659,-102.22360269883177,90.96007834204751,0.023120822975940702,-0.22515991471215346,70,67,True
Intermediate,GBM_Delta,Fe2+,4.28583,4.65966,0.3738299999999999,8.722464493458675,0.012460999999999996,-0.045485174999999996,0.05433094166666665,-31.83876285340295,38.03063233959349,0.8785087740392894,-0.015351812366737771,70,67,False
Intermediate,GBM_Delta,Cr3+,0.01125,0.0092,-0.0020499999999999997,-18.22222222222222,-6.833333333333332e-05,-0.00028848333333333334,0.00014352499999999998,-76.9288888888889,38.27333333333333,0.0477027425734759,-0.19594882729211083,70,67,True
Intermediate,GBM_Delta,NO3-,2.8,2.6,-0.19999999999999973,-7.142857142857134,-0.0066666666666666576,-0.030874999999999996,0.011666666666666669,-33.08035714285714,12.500000000000004,0.20002724398034555,-0.12707889125799565,70,67,False
Intermediate,GBM_Delta,ORP,-81.7,-43.9,37.800000000000004,-46.26682986536108,1.2600000000000002,0.2928333333333334,2.5933333333333333,-10.752753977968178,-95.22643818849448,0.019269024239518873,0.2319829424307036,70,67,True
Intermediate,Meghna_Floodplain,As,7.7431,39.45275,31.709650000000003,409.5213803257094,1.0569883333333334,0.08314754166666677,1.522681083333333,32.21482674897655,589.9501814518733,0.010079864833177117,0.3286875725900116,41,42,True
Intermediate,Meghna_Floodplain,Mn2+,0.26086,0.71635,0.45549000000000006,174.6109023997547,0.015183000000000002,-0.010556525,0.020316349999999987,-121.40448899792993,233.6465920417081,0.9818327856363566,0.0034843205574912606,41,42,False
Intermediate,Meghna_Floodplain,Fe2+,2.02999,2.36669,0.3367,16.586288602406906,0.011223333333333333,-0.06894107083333333,0.08251166666666668,-101.88385780225518,121.93902433016912,0.44150980652035854,0.0987224157955865,41,42,False
Intermediate,Meghna_Floodplain,Cr3+,0.0193,0.001,-0.0183,-94.81865284974093,-0.00061,-0.0008466791666666666,-0.00029333333333333327,-131.60816062176164,-45.595854922279784,6.051682376864479e-05,-0.5058072009291521,41,42,True
Intermediate,Meghna_Floodplain,NO3-,1.6,2.05,0.44999999999999973,28.124999999999982,0.01499999999999999,-0.005874999999999999,0.030000000000000006,-11.015624999999996,56.25,0.2861149401656705,0.13646922183507548,41,42,False
Intermediate,Meghna_Floodplain,ORP,7.0,-97.6,-104.6,-1494.2857142857142,-3.4866666666666664,-4.9479999999999995,-2.648416666666668,-2120.5714285714284,-1135.035714285715,3.7665305426415095e-08,-0.7020905923344947,41,42,True
Intermediate,Eastern_Hills,As,0.35475,0.32570499999999997,-0.029045000000000043,-8.187455954897828,-0.0009681666666666681,-0.04718066249999999,0.13494201249999993,-398.9908033826638,1141.1586680761093,0.4741470169464832,-0.14197530864197527,18,18,False
Intermediate,Eastern_Hills,Mn2+,0.25305,0.07875,-0.1743,-68.87966804979253,-0.00581,-0.010980345833333332,0.010323283333333334,-130.1760027662517,122.38628729500101,0.06886009736006055,-0.3580246913580247,18,18,False
Intermediate,Eastern_Hills,Fe2+,3.8976300000000004,1.9439549999999999,-1.9536750000000005,-50.12469115847323,-0.06512250000000001,-0.17532389583333335,0.08091429583333332,-134.9465412314663,62.279612867306525,0.3345561838743112,-0.191358024691358,18,18,False
Intermediate,Eastern_Hills,Cr3+,0.0049499999999999995,0.001,-0.0039499999999999995,-79.7979797979798,-0.00013166666666666665,-0.00043262499999999996,-5.12500000000003e-06,-262.1969696969697,-3.106060606060624,0.03972155861318413,-0.4012345679012346,18,18,True
Intermediate,Eastern_Hills,NO3-,1.4,1.6,0.20000000000000018,14.285714285714299,0.006666666666666672,-0.013333333333333338,0.05333333333333334,-28.57142857142858,114.2857142857143,0.30264486737294904,0.20370370370370372,18,18,False
Intermediate,Eastern_Hills,ORP,-26.700000000000003,-46.05,-19.349999999999994,72.47191011235952,-0.6449999999999998,-3.0856666666666666,2.370045833333331,346.70411985018717,-266.29728464419446,0.692486835516168,-0.08024691358024683,18,18,False
Medium_Deep,Northern_Terrace,As,4.0949,8.99407,4.899170000000001,119.64077266844124,0.16330566666666668,-0.14226433333333333,0.55006,-104.22550001221032,402.98419985836034,0.21637300805763737,0.3580246913580247,9,9,False
Medium_Deep,Northern_Terrace,Mn2+,0.36571,0.0651,-0.30061,-82.19901014465013,-0.010020333333333332,-0.036889,0.022546,-302.6086243198163,184.94982363074567,0.3313870962476151,-0.28395061728395055,9,9,False
Medium_Deep,Northern_Terrace,Fe2+,4.83835,4.76,-0.07835000000000036,-1.619353705292101,-0.002611666666666679,-0.11708666666666663,0.10531166666666668,-72.59912986865355,65.29808715781206,0.9296365245070707,0.03703703703703709,9,9,False
Medium_Deep,Northern_Terrace,Cr3+,0.0041,0.001,-0.0031000000000000003,-75.60975609756098,-0.00010333333333333334,-0.00015,0.0004328333333333322,-109.75609756097559,316.70731707316986,0.4715761639740935,-0.2098765432098766,9,9,False
Medium_Deep,Northern_Terrace,NO3-,1.3,1.5,0.19999999999999996,15.38461538461538,0.006666666666666665,-0.03666666666666667,0.020000000000000004,-84.61538461538461,46.15384615384615,0.5647846506731872,-0.1728395061728396,9,9,False
Medium_Deep,Northern_Terrace,ORP,-59.1,-48.5,10.600000000000001,-17.935702199661595,0.3533333333333334,-1.36,1.9766666666666666,69.03553299492387,-100.33840947546531,0.426298970129774,0.23456790123456794,9,9,False
Medium_Deep,Brahmaputra_Floodplain,As,0.4419,2.7943550000000004,2.3524550000000004,532.3500792034397,0.07841516666666667,0.002712658333333339,0.1222409583333333,18.415874632269784,829.8775175379042,0.18075066391528383,0.28125,16,16,False
Medium_Deep,Brahmaputra_Floodplain,Mn2+,0.24042999999999998,0.06135,-0.17907999999999996,-74.48321756852306,-0.005969333333333332,-0.011951912499999998,0.011165016666666668,-149.13171193278708,139.31310568564658,0.22057442761332635,-0.2578125,16,16,False
Medium_Deep,Brahmaputra_Floodplain,Fe2+,3.21312,3.235,0.0218799999999999,0.6809580719051856,0.00072933333333333,-0.11101264583333333,0.1017715291666666,-103.64939295762375,95.02122158525042,0.9249325745653402,0.0234375,16,16,False
Medium_Deep,Brahmaputra_Floodplain,Cr3+,0.0025,0.001,-0.0015,-60.0,-5e-05,-0.00015999999999999999,4.8333333333333384e-06,-191.99999999999997,5.800000000000007,0.22257317379035801,-0.25,16,16,False
Medium_Deep,Brahmaputra_Floodplain,NO3-,2.4,1.7000000000000002,-0.6999999999999997,-29.166666666666657,-0.023333333333333324,-0.04833333333333333,0.005874999999999956,-60.416666666666664,7.343749999999946,0.08553766154383988,-0.359375,16,16,False
Medium_Deep,Brahmaputra_Floodplain,ORP,-27.0,-15.35,11.65,-43.14814814814815,0.38833333333333336,-3.4099583333333334,3.1026666666666642,378.88425925925924,-344.7407407407405,0.5464568283222473,-0.12890625,16,16,False
Medium_Deep,Ganges_Floodplain,As,2.9532,9.26032,6.30712,213.5690098875796,0.21023733333333333,-0.11156120833333333,0.5218369999999977,-113.32914296356495,530.1066639577383,0.04559132119076668,0.29656607700312176,31,31,True
Medium_Deep,Ganges_Floodplain,Mn2+,0.62914,0.5447,-0.08444000000000007,-13.421496010426942,-0.002814666666666669,-0.018553666666666666,0.007686999999999999,-88.47156435769462,36.65479861398099,0.4061557400659843,-0.1238293444328824,31,31,False
Medium_Deep,Ganges_Floodplain,Fe2+,2.81262,2.09791,-0.7147099999999997,-25.41082691582936,-0.023823666666666656,-0.04575810833333334,0.03820033333333332,-48.80656647538594,40.74528375678192,0.632172343111528,-0.0718002081165452,31,31,False
Medium_Deep,Ganges_Floodplain,Cr3+,0.007,0.001,-0.006,-85.71428571428571,-0.0002,-0.0002666666666666667,-0.00015333333333333334,-114.28571428571428,-65.71428571428571,1.5457473146843537e-06,-0.6847034339229969,31,31,True
Medium_Deep,Ganges_Floodplain,NO3-,1.1,1.2,0.09999999999999987,9.09090909090908,0.0033333333333333288,-0.009999999999999993,0.013333333333333334,-27.272727272727256,36.36363636363637,0.4050890222100765,0.1238293444328824,31,31,False
Medium_Deep,Ganges_Floodplain,ORP,-37.9,-74.2,-36.300000000000004,95.778364116095,-1.2100000000000002,-4.069999999999999,0.17999999999999997,322.16358839050133,-14.248021108179415,0.004078455293898055,-0.4255983350676378,31,31,True
Medium_Deep,GBM_Delta,As,3.42075,8.317695,4.8969450000000005,143.15413286559965,0.16323150000000003,0.0015019083333333183,0.4627793333333333,1.3171745962142674,405.85777972666807,0.062262430042305514,0.15045248868778283,102,104,False
Medium_Deep,GBM_Delta,Mn2+,0.25886,0.0871,-0.17175999999999997,-66.35246851580004,-0.005725333333333332,-0.007473,0.011264541666666664,-86.60665997064051,130.54788302557364,0.04730416831504083,-0.16006787330316752,102,104,True
Medium_Deep,GBM_Delta,Fe2+,2.659815,3.735175,1.0753599999999999,40.42987952169605,0.035845333333333326,-0.005916850000000003,0.07166606666666667,-6.67360323932304,80.83201275276663,0.12144748341316189,0.125,102,104,False
Medium_Deep,GBM_Delta,Cr3+,0.0135,0.010499999999999999,-0.003000000000000001,-22.22222222222223,-0.00010000000000000003,-0.0003386666666666667,4.766666666666666e-05,-75.25925925925927,10.592592592592592,0.003124938943965763,-0.23821644042232282,102,104,True
Medium_Deep,GBM_Delta,NO3-,2.1500000000000004,1.8,-0.3500000000000003,-16.27906976744187,-0.011666666666666678,-0.023333333333333338,0.001666666666666668,-32.55813953488372,2.325581395348839,0.1293338969065903,-0.12236048265460031,102,104,False
Medium_Deep,GBM_Delta,ORP,-81.3,-29.35,51.949999999999996,-63.89913899138991,1.7316666666666665,0.1686666666666668,2.405374999999999,-6.223862238622392,-88.75922509225089,0.0009559434155123023,0.26649698340874817,102,104,True
Medium_Deep,Meghna_Floodplain,As,2.7743,7.9528550000000005,5.178555,186.66168042389072,0.1726185,0.09591965416666667,0.26377293333333335,103.72308780593302,285.23187831164614,0.0004934264990236724,0.4131944444444444,48,48,True
Medium_Deep,Meghna_Floodplain,Mn2+,0.29354,0.5597,0.26615999999999995,90.67248075219729,0.008871999999999998,-0.007150641666666668,0.014902525,-73.08007426585816,152.30488178783128,0.5166590040153214,0.07725694444444442,48,48,False
Medium_Deep,Meghna_Floodplain,Fe2+,3.8668250000000004,3.4766649999999997,-0.39016000000000073,-10.089931662281087,-0.013005333333333358,-0.06912067916666667,0.08686326666666667,-53.6259172576985,67.39115424152891,0.7834805651281953,-0.03298611111111116,48,48,False
Medium_Deep,Meghna_Floodplain,Cr3+,0.024,0.0027999999999999995,-0.0212,-88.33333333333333,-0.0007066666666666666,-0.0009342916666666666,-0.00032845833333333365,-116.78645833333331,-41.05729166666671,1.5357385693100685e-06,-0.5668402777777777,48,48,True
Medium_Deep,Meghna_Floodplain,NO3-,1.7,1.55,-0.1499999999999999,-8.823529411764701,-0.004999999999999997,-0.03666666666666667,0.013333333333333334,-64.70588235294117,23.529411764705884,0.3062671923673832,-0.12152777777777768,48,48,False
Medium_Deep,Meghna_Floodplain,ORP,21.5,-74.15,-95.65,-444.8837209302326,-3.1883333333333335,-3.986291666666667,-1.831666666666668,-556.2267441860465,-255.58139534883742,1.2370099906238125e-05,-0.5182291666666667,48,48,True
Medium_Deep,Eastern_Hills,As,0.09455,2.29896,2.20441,2331.475409836066,0.07348033333333334,0.021667666666666665,0.10294,687.4986779481757,3266.208355367531,0.11924751554001169,0.29000000000000004,20,20,False
Medium_Deep,Eastern_Hills,Mn2+,0.1451,0.08785,-0.05725000000000001,-39.45554789800138,-0.0019083333333333337,-0.0048605958333333334,0.00665267083333333,-100.4947450034459,137.54660578911086,0.3647741642257226,-0.16999999999999993,20,20,False
Medium_Deep,Eastern_Hills,Fe2+,3.567005,2.129695,-1.43731,-40.29458887778403,-0.04791033333333334,-0.16785792499999996,0.009354249999999955,-141.17551699535042,7.867314455684774,0.06389223492711606,-0.345,20,20,False
Medium_Deep,Eastern_Hills,Cr3+,0.0068000000000000005,0.0037099999999999998,-0.0030900000000000007,-45.44117647058824,-0.00010300000000000002,-0.00020841666666666665,9.180416666666664e-05,-91.9485294117647,40.5018382352941,0.3937268222350455,-0.15999999999999992,20,20,False
Medium_Deep,Eastern_Hills,NO3-,1.2,1.45,0.25,20.833333333333336,0.008333333333333333,-0.0008749999999999945,0.02333333333333333,-2.1874999999999862,58.333333333333336,0.01693865257836497,0.4425,20,20,True
Medium_Deep,Eastern_Hills,ORP,-69.30000000000001,-73.5,-4.199999999999989,6.060606060606044,-0.13999999999999962,-1.000875,2.1474999999999995,43.32792207792207,-92.96536796536793,0.7763905055505131,-0.05499999999999994,20,20,False
Deep,Northern_Terrace,As,1.7324,3.84969,2.1172899999999997,122.21715539136457,0.07057633333333332,-0.0022116666666666786,0.18165966666666666,-3.8299468944816644,314.58035095820827,0.1119613542637483,0.45679012345679015,9,9,False
Deep,Northern_Terrace,Mn2+,0.23079,0.0682,-0.16259,-70.44932622730622,-0.005419666666666667,-0.012149,-0.002220666666666667,-157.9227869491746,-28.866068720481824,0.006166754221989626,-0.7777777777777777,9,9,True
Deep,Northern_Terrace,Fe2+,2.81453,2.86388,0.049350000000000005,1.7534011007166384,0.0016450000000000002,-0.06390102499999999,0.10400151666666657,-68.11193165466346,110.85493847995926,0.859819205054158,0.06172839506172845,9,9,False
Deep,Northern_Terrace,Cr3+,0.0041,0.001,-0.0031000000000000003,-75.60975609756098,-0.00010333333333333334,-0.00015,0.00023133333333333334,-109.75609756097559,169.2682926829268,0.9289008869362791,0.03703703703703709,9,9,False
Deep,Northern_Terrace,NO3-,1.2,1.1,-0.09999999999999987,-8.333333333333323,-0.0033333333333333288,-0.04333333333333333,0.02,-108.33333333333333,50.0,0.37549446022384636,-0.2592592592592593,9,9,False
Deep,Northern_Terrace,ORP,-71.4,-90.7,-19.299999999999997,27.030812324929965,-0.6433333333333332,-1.0199999999999998,0.31608333333333244,42.85714285714285,-13.280812324929933,0.21637300805763737,-0.3580246913580247,9,9,False
Deep,Brahmaputra_Floodplain,As,0.2965,2.97336,2.67686,902.8195615514335,0.08922866666666666,0.03519752499999999,0.1588449166666667,356.13010118043843,1607.1998313659365,0.0029133968043994307,0.4732510288065843,27,27,True
Deep,Brahmaputra_Floodplain,Mn2+,0.22946,0.0924,-0.13706000000000002,-59.73154362416108,-0.004568666666666667,-0.007554,0.009419666666666665,-98.76231151398936,123.15436241610736,0.10027351075640958,-0.2620027434842249,27,27,False
Deep,Brahmaputra_Floodplain,Fe2+,1.32796,1.59578,0.26781999999999995,20.16777613783547,0.008927333333333332,-0.02127566666666666,0.028056,-48.06394770926834,63.38142715142022,0.7686817956679592,0.0480109739368999,27,27,False
Deep,Brahmaputra_Floodplain,Cr3+,0.0032,0.001,-0.0022,-68.75,-7.333333333333333e-05,-0.00013,-3.3333333333333335e-05,-121.87499999999997,-31.25,3.930329153377465e-05,-0.6241426611796983,27,27,True
Deep,Brahmaputra_Floodplain,NO3-,1.8,1.3,-0.5,-27.77777777777778,-0.016666666666666666,-0.04333333333333333,0.0,-72.22222222222221,0.0,0.005693367802142552,-0.43895747599451296,27,27,True
Deep,Brahmaputra_Floodplain,ORP,81.9,-10.6,-92.5,-112.94261294261294,-3.0833333333333335,-5.3100000000000005,-0.4266666666666666,-194.5054945054945,-15.628815628815623,0.02863402045658999,-0.3484224965706446,27,27,True
Deep,Ganges_Floodplain,As,10.1645,10.97315,0.8086500000000001,7.95562988833686,0.026955000000000003,-0.27694191249999994,0.6296887083333329,-81.73798391460473,185.84939003394152,0.565733686277663,0.13265306122448983,14,14,False
Deep,Ganges_Floodplain,Mn2+,0.2566,0.3014,0.044800000000000006,17.459080280592364,0.0014933333333333335,-0.010652666666666666,0.055857075,-124.54403741231488,653.0445245518316,0.9816711400706458,-0.010204081632652962,14,14,False
Deep,Ganges_Floodplain,Fe2+,2.67919,3.3053850000000002,0.6261950000000001,23.37254916597927,0.02087316666666667,-0.06350540833333333,0.040728375000000004,-71.1096357481179,45.60524822800921,0.836193734822461,-0.05102040816326525,14,14,False
Deep,Ganges_Floodplain,Cr3+,0.00615,0.001,-0.00515,-83.73983739837398,-0.00017166666666666667,-0.0004929916666666664,0.00019424999999999973,-240.48373983739828,94.75609756097548,0.021390932671912413,-0.510204081632653,14,14,True
Deep,Ganges_Floodplain,NO3-,1.3,1.6,0.30000000000000004,23.076923076923077,0.010000000000000002,-0.007541666666666667,0.030000000000000006,-17.403846153846153,69.23076923076924,0.2206348422918578,0.2755102040816326,14,14,False
Deep,Ganges_Floodplain,ORP,-77.69999999999999,-97.4,-19.700000000000017,25.353925353925376,-0.6566666666666673,-1.7800000000000002,0.0026249999999997374,68.72586872586875,-0.10135135135134123,0.08907510441393168,-0.38265306122448983,14,14,False
Deep,GBM_Delta,As,3.48725,4.921105,1.4338549999999999,41.11706932396587,0.04779516666666666,-0.09454449999999998,0.18016626249999998,-81.33443257581186,154.9928417807728,0.1254798461109172,0.1548713235294118,68,64,False
Deep,GBM_Delta,Mn2+,0.213225,0.0523,-0.16092499999999998,-75.47191933403681,-0.005364166666666666,-0.00741905,-0.003797729166666667,-104.38339781920507,-53.432700199319974,8.271744373612911e-05,-0.3975183823529411,68,64,True
Deep,GBM_Delta,Fe2+,1.54091,2.55218,1.01127,65.62810287427558,0.033708999999999996,-0.017335287499999994,0.058798529166666655,-33.7500973450753,114.47494500003243,0.14198984757730218,0.1484375,68,64,False
Deep,GBM_Delta,Cr3+,0.00865,0.007835,-0.0008149999999999998,-9.421965317919073,-2.716666666666666e-05,-0.0001484625,0.00012200833333333331,-51.48988439306359,42.315028901734095,0.26184022662130135,-0.11328125,68,64,False
Deep,GBM_Delta,NO3-,2.2,1.6949999999999998,-0.5050000000000003,-22.954545454545467,-0.016833333333333346,-0.029999999999999995,0.0016666666666666607,-40.9090909090909,2.2727272727272645,0.43991591255321305,-0.078125,68,64,False
Deep,GBM_Delta,ORP,-72.2,-75.5,-3.299999999999997,4.570637119113569,-0.1099999999999999,-1.1060416666666668,1.1509583333333329,45.957409972299175,-47.82375346260386,0.6537959066974177,0.0454963235294118,68,64,False
Deep,Meghna_Floodplain,As,2.3027,6.9312,4.628499999999999,201.00317019151424,0.1542833333333333,0.047435666666666654,0.23799895,61.8000607981934,310.06941850870714,0.0008869036102311973,0.46285714285714286,35,35,True
Deep,Meghna_Floodplain,Mn2+,0.27829,0.0924,-0.18589,-66.79722591541199,-0.006196333333333333,-0.012900749999999999,0.010160166666666658,-139.07165187394446,109.52783068022558,0.060182125412043375,-0.26204081632653065,35,35,False
Deep,Meghna_Floodplain,Fe2+,3.66245,3.23623,-0.42622000000000027,-11.63756501795247,-0.014207333333333343,-0.05630733333333334,0.036757333333333336,-46.12267744269546,30.108806946169913,0.92513399080196,0.013877551020408219,35,35,False
Deep,Meghna_Floodplain,Cr3+,0.0062,0.00448,-0.0017200000000000002,-27.74193548387097,-5.733333333333334e-05,-0.00028738333333333337,0.00025933333333333337,-139.05645161290323,125.48387096774194,0.16049184524809734,-0.19510204081632643,35,35,False
Deep,Meghna_Floodplain,NO3-,1.2,1.7,0.5,41.66666666666667,0.016666666666666666,-0.003333333333333336,0.04,-8.333333333333341,100.0,0.08164653002865543,0.24244897959183676,35,35,False
Deep,Meghna_Floodplain,ORP,3.9,-105.7,-109.60000000000001,-2810.2564102564106,-3.6533333333333338,-4.819999999999999,-2.373333333333333,-3707.692307692307,-1825.6410256410256,1.0656762688376363e-07,-0.7395918367346939,35,35,True
Deep,Eastern_Hills,As,0.10005,2.493135,2.393085,2391.889055472264,0.07976950000000001,0.04782654166666667,0.15105124999999997,1434.0792103948027,4529.272863568214,0.008324384030720746,0.49,20,20,True
Deep,Eastern_Hills,Mn2+,0.26636000000000004,0.06895,-0.19741000000000003,-74.11398107823997,-0.006580333333333335,-0.012382333333333334,0.00050610416666662,-139.4616308755068,5.700227136206111,0.046740071546850455,-0.3700000000000001,20,20,True
Deep,Eastern_Hills,Fe2+,5.62028,1.365625,-4.254655,-75.70183336061548,-0.1418218333333333,-0.22656766666666664,-0.012025870833333367,-120.93756894674286,-6.419184186553001,0.007110802077889272,-0.5,20,20,True
Deep,Eastern_Hills,Cr3+,0.0068000000000000005,0.00166,-0.0051400000000000005,-75.58823529411765,-0.00017133333333333334,-0.00023666666666666665,-7.4750000000000055e-06,-104.41176470588233,-3.297794117647061,0.062399087650756795,-0.345,20,20,False
Deep,Eastern_Hills,NO3-,1.6,1.55,-0.050000000000000044,-3.1250000000000027,-0.001666666666666668,-0.021666666666666664,0.010874999999999965,-40.62499999999999,20.390624999999932,0.5327444238662276,-0.11749999999999994,20,20,False
Deep,Eastern_Hills,ORP,-58.05,-101.0,-42.95,73.98794142980191,-1.4316666666666669,-3.19075,0.8209999999999992,164.89664082687338,-42.42894056847541,0.1404197147055012,-0.2749999999999999,20,20,False
