phys_zone,date,lwe_cm
Barind_Tract,2002-04-17 12:00:00,-13.348808608697219
Barind_Tract,2002-05-10 12:00:00,-9.855246074705105
Barind_Tract,2002-08-16 12:00:00,38.896552820747104
Barind_Tract,2002-09-16 00:00:00,35.81894161032325
Barind_Tract,2002-10-16 12:00:00,30.348340668853215
Barind_Tract,2002-11-16 00:00:00,11.2560059273332
Barind_Tract,2002-12-16 12:00:00,2.5754951718308865
Barind_Tract,2003-01-16 12:00:00,4.147444881297072
Barind_Tract,2003-02-15 00:00:00,-4.80572949151118
Barind_Tract,2003-03-16 12:00:00,-12.334287145640602
Barind_Tract,2003-04-16 00:00:00,-13.722310297250377
Barind_Tract,2003-05-11 12:00:00,-13.658346448739849
Barind_Tract,2003-07-16 12:00:00,30.386378372222694
Barind_Tract,2003-08-16 12:00:00,29.47128166308784
Barind_Tract,2003-09-16 00:00:00,30.538813520145254
Barind_Tract,2003-10-16 00:00:00,31.182817494629628
Barind_Tract,2003-11-16 00:00:00,19.813587094782942
Barind_Tract,2003-12-16 12:00:00,3.500829648736278
Barind_Tract,2004-01-07 12:00:00,0.03253862749335901
Barind_Tract,2004-02-17 00:00:00,-5.350434132547994
Barind_Tract,2004-03-16 12:00:00,-18.39103012204778
Barind_Tract,2004-04-16 00:00:00,-19.388936700520684
Barind_Tract,2004-05-16 12:00:00,-9.7119297823764
Barind_Tract,2004-06-16 00:00:00,-4.024576033917555
Barind_Tract,2004-07-16 12:00:00,26.151580139895074
Barind_Tract,2004-08-16 12:00:00,29.12144451667219
Barind_Tract,2004-09-16 00:00:00,36.925752294537276
Barind_Tract,2004-10-16 12:00:00,38.588678754148965
Barind_Tract,2004-11-16 00:00:00,11.520798148541882
Barind_Tract,2004-12-16 12:00:00,-2.743473581109976
Barind_Tract,2005-01-16 12:00:00,-10.095218143668193
Barind_Tract,2005-02-15 00:00:00,-13.910168078798339
Barind_Tract,2005-03-16 12:00:00,-14.512281465849037
Barind_Tract,2005-04-16 00:00:00,-21.177510642439653
Barind_Tract,2005-05-16 12:00:00,-20.138626562994016
Barind_Tract,2005-06-16 00:00:00,-18.005985331853694
Barind_Tract,2005-07-16 12:00:00,14.980012440911057
Barind_Tract,2005-08-16 12:00:00,24.768168268895735
Barind_Tract,2005-09-16 00:00:00,26.78604121083368
Barind_Tract,2005-10-16 12:00:00,22.121627734922562
Barind_Tract,2005-11-16 00:00:00,6.193253765969651
Barind_Tract,2005-12-16 12:00:00,-4.053891861228172
Barind_Tract,2006-01-16 12:00:00,-8.971509036473078
Barind_Tract,2006-02-15 00:00:00,-15.123881216186161
Barind_Tract,2006-03-16 12:00:00,-26.201236876874994
Barind_Tract,2006-04-16 00:00:00,-31.229765120495635
Barind_Tract,2006-05-16 12:00:00,-30.889654764606092
Barind_Tract,2006-06-16 00:00:00,-3.5374189930284086
Barind_Tract,2006-07-16 12:00:00,17.400838882797753
Barind_Tract,2006-08-16 12:00:00,17.677324262705355
Barind_Tract,2006-09-16 00:00:00,23.933346343121666
Barind_Tract,2006-10-16 12:00:00,22.650247280859066
Barind_Tract,2006-11-16 00:00:00,6.726238262100008
Barind_Tract,2006-12-16 12:00:00,-2.756146279539876
Barind_Tract,2007-01-16 12:00:00,-14.45943603463379
Barind_Tract,2007-02-15 00:00:00,-17.42466536577814
Barind_Tract,2007-03-16 12:00:00,-19.911073022595296
Barind_Tract,2007-04-16 00:00:00,-22.815132929600093
Barind_Tract,2007-05-16 12:00:00,-23.354482524456515
Barind_Tract,2007-06-16 00:00:00,-11.494181123430739
Barind_Tract,2007-07-16 12:00:00,15.778701822248207
Barind_Tract,2007-08-16 12:00:00,45.71023634166243
Barind_Tract,2007-09-16 00:00:00,44.6884655558966
Barind_Tract,2007-10-16 12:00:00,26.62586397021839
Barind_Tract,2007-11-16 00:00:00,11.173360541468478
Barind_Tract,2007-12-16 12:00:00,1.0413331761159283
Barind_Tract,2008-01-16 12:00:00,-7.8980922235204485
Barind_Tract,2008-02-15 12:00:00,-11.741891474720974
Barind_Tract,2008-03-16 12:00:00,-16.729319556606015
Barind_Tract,2008-04-16 00:00:00,-17.504267377561423
Barind_Tract,2008-05-16 12:00:00,-22.03895962239345
Barind_Tract,2008-06-16 00:00:00,-9.193479724135052
Barind_Tract,2008-07-16 12:00:00,23.48156699099451
Barind_Tract,2008-08-16 12:00:00,37.9205704007125
Barind_Tract,2008-09-16 00:00:00,36.43465370773602
Barind_Tract,2008-10-16 12:00:00,20.416704992684103
Barind_Tract,2008-11-16 00:00:00,-1.245159499971967
Barind_Tract,2008-12-16 12:00:00,-12.63205154122051
Barind_Tract,2009-01-16 12:00:00,-12.942963379333637
Barind_Tract,2009-02-15 00:00:00,-15.58084429843214
Barind_Tract,2009-03-16 12:00:00,-27.42488820128718
Barind_Tract,2009-04-16 00:00:00,-35.31665114138696
Barind_Tract,2009-05-16 12:00:00,-29.706632015211675
Barind_Tract,2009-06-16 00:00:00,-22.216444618436938
Barind_Tract,2009-07-16 12:00:00,-6.537761177790856
Barind_Tract,2009-08-16 12:00:00,21.863854203974242
Barind_Tract,2009-09-16 00:00:00,21.725650277870574
Barind_Tract,2009-10-16 12:00:00,17.107194222111566
Barind_Tract,2009-11-16 00:00:00,1.0705339326484924
Barind_Tract,2009-12-16 12:00:00,-12.23452949168773
Barind_Tract,2010-01-16 12:00:00,-11.679742857582255
Barind_Tract,2010-02-15 00:00:00,-17.6371917651069
Barind_Tract,2010-03-16 12:00:00,-31.33591755171143
Barind_Tract,2010-04-16 00:00:00,-33.398907684293015
Barind_Tract,2010-05-16 12:00:00,-27.790370933182608
Barind_Tract,2010-06-16 00:00:00,-18.214687413786116
Barind_Tract,2010-07-16 12:00:00,7.061174443029202
Barind_Tract,2010-08-16 12:00:00,4.149189722122888
Barind_Tract,2010-09-16 00:00:00,11.008490358657037
Barind_Tract,2010-10-16 12:00:00,7.82060427992719
Barind_Tract,2010-11-16 00:00:00,-11.494051373950114
Barind_Tract,2010-12-14 12:00:00,-8.411259049005773
Barind_Tract,2011-02-18 12:00:00,-29.88025762081928
Barind_Tract,2011-03-16 12:00:00,-33.0655414963629
Barind_Tract,2011-04-16 00:00:00,-35.096462600753775
Barind_Tract,2011-05-16 12:00:00,-33.20601051821473
Barind_Tract,2011-07-18 12:00:00,3.9098385125536614
Barind_Tract,2011-08-16 12:00:00,20.651150164207017
Barind_Tract,2011-09-16 00:00:00,23.55816110226703
Barind_Tract,2011-10-16 12:00:00,10.854787093713167
Barind_Tract,2011-11-01 12:00:00,-1.6144111579379445
Barind_Tract,2012-01-01 00:00:00,-17.735428984589063
Barind_Tract,2012-01-16 12:00:00,-19.038845199649977
Barind_Tract,2012-02-15 12:00:00,-20.647284167701216
Barind_Tract,2012-03-16 12:00:00,-34.817726621845566
Barind_Tract,2012-04-04 12:00:00,-33.45134522421988
Barind_Tract,2012-06-16 00:00:00,-23.664254404572496
Barind_Tract,2012-07-16 12:00:00,-4.660912498867832
Barind_Tract,2012-08-16 12:00:00,11.141168947506491
Barind_Tract,2012-09-13 00:00:00,21.076995063446795
Barind_Tract,2012-11-18 12:00:00,-6.335722697378825
Barind_Tract,2012-12-16 12:00:00,-16.558067695283334
Barind_Tract,2013-01-16 12:00:00,-16.938446447656432
Barind_Tract,2013-02-14 00:00:00,-23.359861686046337
Barind_Tract,2013-04-21 00:00:00,-40.18219720555061
Barind_Tract,2013-05-16 12:00:00,-34.32258348322766
Barind_Tract,2013-06-16 00:00:00,-22.22192692897605
Barind_Tract,2013-07-16 12:00:00,0.17018039787335892
Barind_Tract,2013-10-16 12:00:00,16.094985383433407
Barind_Tract,2013-11-16 00:00:00,5.685395109726986
Barind_Tract,2013-12-16 12:00:00,-8.617728821702189
Barind_Tract,2014-01-09 12:00:00,-15.753202335082225
Barind_Tract,2014-03-16 12:00:00,-25.177820745136398
Barind_Tract,2014-04-16 00:00:00,-35.981373310090916
Barind_Tract,2014-05-16 12:00:00,-33.717393777597685
Barind_Tract,2014-06-13 00:00:00,-27.801837118532063
Barind_Tract,2014-08-16 12:00:00,8.634649397800956
Barind_Tract,2014-09-16 00:00:00,15.521544397495052
Barind_Tract,2014-10-16 12:00:00,10.255152063491735
Barind_Tract,2014-11-17 00:00:00,-8.384820339855839
Barind_Tract,2015-01-22 12:00:00,-11.308192593377484
Barind_Tract,2015-02-15 00:00:00,-22.781222828547914
Barind_Tract,2015-03-16 12:00:00,-12.536117404189504
Barind_Tract,2015-04-16 00:00:00,-37.613426388332655
Barind_Tract,2015-04-27 00:00:00,-29.477761843881765
Barind_Tract,2015-07-15 12:00:00,12.9473671727709
Barind_Tract,2015-08-16 12:00:00,26.539484546992476
Barind_Tract,2015-09-14 12:00:00,33.278769065448664
Barind_Tract,2015-12-23 12:00:00,-26.606595862406042
Barind_Tract,2016-01-16 12:00:00,-12.992322467436638
Barind_Tract,2016-02-14 00:00:00,-18.02677766871463
Barind_Tract,2016-03-16 12:00:00,-37.54549044291059
Barind_Tract,2016-05-20 00:00:00,-30.573803918910322
Barind_Tract,2016-06-16 00:00:00,-26.02764976003808
Barind_Tract,2016-07-15 12:00:00,-1.5229261523179123
Barind_Tract,2016-08-21 12:00:00,16.55301176254393
Barind_Tract,2016-11-27 12:00:00,-5.009995398634603
Barind_Tract,2016-12-24 12:00:00,-15.38430499527605
Barind_Tract,2017-01-21 00:00:00,-17.553027221108337
Barind_Tract,2017-03-31 12:00:00,-28.077337885381297
Barind_Tract,2017-04-24 12:00:00,-25.40592039915272
Barind_Tract,2017-05-12 12:00:00,-25.850674119042175
Barind_Tract,2017-06-11 00:00:00,-22.140341580976127
Barind_Tract,2018-06-16 00:00:00,-17.781723729525236
Barind_Tract,2018-07-10 00:00:00,-4.795161974509224
Barind_Tract,2018-10-31 12:00:00,-2.0125479724879276
Barind_Tract,2018-11-16 00:00:00,-10.569519973041242
Barind_Tract,2018-12-16 12:00:00,-20.573121725581224
Barind_Tract,2019-01-16 12:00:00,-28.13912016164729
Barind_Tract,2019-02-14 00:00:00,-24.72244823419257
Barind_Tract,2019-03-16 12:00:00,-29.627773719966097
Barind_Tract,2019-04-16 00:00:00,-35.61816241798746
Barind_Tract,2019-05-16 12:00:00,-29.819102923059656
Barind_Tract,2019-06-16 00:00:00,-23.574382436511517
Barind_Tract,2019-07-16 12:00:00,-3.640399837681799
Barind_Tract,2019-08-16 12:00:00,6.09594338384004
Barind_Tract,2019-09-16 00:00:00,16.221781841977982
Barind_Tract,2019-10-16 12:00:00,13.758095445828458
Barind_Tract,2019-11-16 00:00:00,1.1644999495738555
Barind_Tract,2019-12-16 12:00:00,-6.376069664491864
Barind_Tract,2020-01-16 12:00:00,-13.583378807426449
Barind_Tract,2020-02-15 12:00:00,-14.223172213130933
Barind_Tract,2020-03-16 12:00:00,-26.704611778181153
Barind_Tract,2020-04-16 00:00:00,-34.495086529435284
Barind_Tract,2020-05-16 12:00:00,-28.2324601016509
Barind_Tract,2020-06-16 00:00:00,-12.319749010984875
Barind_Tract,2020-07-16 12:00:00,26.49460100832756
Barind_Tract,2020-08-16 12:00:00,28.35863749405538
Barind_Tract,2020-09-16 00:00:00,29.224929919252666
Barind_Tract,2020-10-16 12:00:00,24.605128945945303
Barind_Tract,2020-11-16 00:00:00,9.605206305996983
Barind_Tract,2020-12-16 12:00:00,-0.17530414221312962
Barind_Tract,2021-01-16 12:00:00,-11.3637293273054
Barind_Tract,2021-02-15 00:00:00,-20.560553070755315
Barind_Tract,2021-03-16 12:00:00,-27.114495223091737
Barind_Tract,2021-04-16 00:00:00,-36.544650009807924
Barind_Tract,2021-05-16 12:00:00,-32.541241243744
Barind_Tract,2021-06-16 00:00:00,-12.245795897007326
Barind_Tract,2021-07-16 12:00:00,13.055286413310299
Barind_Tract,2021-08-16 12:00:00,24.515762874826116
Barind_Tract,2021-09-16 00:00:00,27.271074941919665
Barind_Tract,2021-10-16 12:00:00,19.907793190880543
Barind_Tract,2021-11-16 00:00:00,5.562115809146695
Barind_Tract,2021-12-16 12:00:00,-5.453596923922542
Barind_Tract,2022-01-16 12:00:00,-9.979141883183214
Barind_Tract,2022-02-15 00:00:00,-11.64008172666668
Barind_Tract,2022-03-16 12:00:00,-18.868784243617498
Barind_Tract,2022-04-16 00:00:00,-18.148536459294213
Barind_Tract,2022-05-16 12:00:00,-17.875869141703266
Barind_Tract,2022-06-16 00:00:00,-15.860895439395815
Barind_Tract,2022-07-16 12:00:00,-5.383088868090947
Barind_Tract,2022-08-16 12:00:00,17.649927618825043
Barind_Tract,2022-09-16 00:00:00,24.355940905811753
Barind_Tract,2022-10-16 12:00:00,-4.546355907750277
Barind_Tract,2022-11-16 00:00:00,-3.0043077590985705
Barind_Tract,2022-12-16 12:00:00,-19.480424992415124
Barind_Tract,2023-01-16 12:00:00,-21.79855069965936
Barind_Tract,2023-02-15 00:00:00,-21.37575147122992
Barind_Tract,2023-03-16 12:00:00,-31.316533066044382
Barind_Tract,2023-04-16 00:00:00,-36.338758472203594
Barind_Tract,2023-05-16 12:00:00,-41.16540884042394
Barind_Tract,2023-06-16 00:00:00,-37.693549983053394
Barind_Tract,2023-07-16 12:00:00,-13.58514630160714
Barind_Tract,2023-08-16 12:00:00,5.023335666219454
Barind_Tract,2023-09-16 00:00:00,4.023544114456044
Barind_Tract,2023-10-16 12:00:00,4.119006940679045
Barind_Tract,2023-11-16 00:00:00,-11.089008967686533
Barind_Tract,2023-12-16 12:00:00,-14.179153328126086
Barind_Tract,2024-01-16 12:00:00,-20.392952499236344
Barind_Tract,2024-02-15 12:00:00,-20.52114376028885
Barind_Tract,2024-03-16 12:00:00,-28.027775669548518
Barind_Tract,2024-04-16 00:00:00,-38.52068547355911
Barind_Tract,2024-05-16 12:00:00,-41.1170328908162
Barind_Tract,2024-06-16 00:00:00,-25.081423464223832
Barind_Tract,2024-07-16 12:00:00,-3.092059882962119
Barind_Tract,2024-08-16 12:00:00,19.25465641906539
Barind_Tract,2024-09-16 00:00:00,12.564865776484389
Barind_Tract,2024-10-16 12:00:00,15.793016564822139
Barind_Tract,2024-11-16 00:00:00,-1.9871881954501818
Barind_Tract,2024-12-16 12:00:00,-12.055723704818734
Barind_Tract,2025-01-16 12:00:00,-15.544429327348166
Barind_Tract,2025-02-15 00:00:00,-27.66572651552589
Barind_Tract,2025-03-16 12:00:00,-32.685809743204814
Barind_Tract,2025-04-16 00:00:00,-33.97847776553253
Barind_Tract,2025-05-16 12:00:00,-29.953902835379566
Barind_Tract,2025-06-16 12:00:00,-7.4527175125310094
Barind_Tract,2025-07-16 12:00:00,5.2728578314735595
Barind_Tract,2025-08-16 12:00:00,21.384822880999906
Barind_Tract,2025-09-16 00:00:00,26.851926355811955
Barind_Tract,2025-10-16 12:00:00,26.48532642304827
Barind_Tract,2025-11-16 00:00:00,5.135045111613669
Barind_Tract,2025-12-16 12:00:00,-4.88858155363364
Barind_Tract,2026-01-16 12:00:00,-14.053716376407746
Barind_Tract,2026-02-15 00:00:00,-20.71617913123447
Barind_Tract,2026-03-16 12:00:00,-19.795850191617916
Northern_Terrace,2002-04-17 12:00:00,-6.094280535832683
Northern_Terrace,2002-05-10 12:00:00,1.147288219615484
Northern_Terrace,2002-08-16 12:00:00,53.713081723546196
Northern_Terrace,2002-09-16 00:00:00,44.007846578169506
Northern_Terrace,2002-10-16 12:00:00,26.24633575652621
Northern_Terrace,2002-11-16 00:00:00,4.96345154424326
Northern_Terrace,2002-12-16 12:00:00,-8.902808026583505
Northern_Terrace,2003-01-16 12:00:00,-7.853198599493985
Northern_Terrace,2003-02-15 00:00:00,-18.66411939730032
Northern_Terrace,2003-03-16 12:00:00,-17.827541385048683
Northern_Terrace,2003-04-16 00:00:00,-8.0767586271534
Northern_Terrace,2003-05-11 12:00:00,-5.168784013859664
Northern_Terrace,2003-07-16 12:00:00,49.88372284170299
Northern_Terrace,2003-08-16 12:00:00,41.788728448581125
Northern_Terrace,2003-09-16 00:00:00,43.49109495253118
Northern_Terrace,2003-10-16 00:00:00,25.055235125558294
Northern_Terrace,2003-11-16 00:00:00,13.118005243751607
Northern_Terrace,2003-12-16 12:00:00,-3.1344448487888803
Northern_Terrace,2004-01-07 12:00:00,-14.775705407454176
Northern_Terrace,2004-02-17 00:00:00,-7.962898734023714
Northern_Terrace,2004-03-16 12:00:00,-20.975073866921292
Northern_Terrace,2004-04-16 00:00:00,-6.106543883579607
Northern_Terrace,2004-05-16 12:00:00,1.767888276612175
Northern_Terrace,2004-06-16 00:00:00,19.298349887817324
Northern_Terrace,2004-07-16 12:00:00,60.543185169136166
Northern_Terrace,2004-08-16 12:00:00,50.58910778891358
Northern_Terrace,2004-09-16 00:00:00,43.07634168410411
Northern_Terrace,2004-10-16 12:00:00,32.8822850725603
Northern_Terrace,2004-11-16 00:00:00,13.60347454648803
Northern_Terrace,2004-12-16 12:00:00,-10.42933102008543
Northern_Terrace,2005-01-16 12:00:00,-15.333669360485887
Northern_Terrace,2005-02-15 00:00:00,-14.780717849384674
Northern_Terrace,2005-03-16 12:00:00,-10.602430175226157
Northern_Terrace,2005-04-16 00:00:00,-12.631975037953048
Northern_Terrace,2005-05-16 12:00:00,-0.22507956455057287
Northern_Terrace,2005-06-16 00:00:00,4.441148416594775
Northern_Terrace,2005-07-16 12:00:00,29.86426818120694
Northern_Terrace,2005-08-16 12:00:00,35.93554460776908
Northern_Terrace,2005-09-16 00:00:00,33.06338108536633
Northern_Terrace,2005-10-16 12:00:00,22.822804785361466
Northern_Terrace,2005-11-16 00:00:00,3.1232786040799314
Northern_Terrace,2005-12-16 12:00:00,-7.04184611220337
Northern_Terrace,2006-01-16 12:00:00,-20.029238601312127
Northern_Terrace,2006-02-15 00:00:00,-24.80612017954006
Northern_Terrace,2006-03-16 12:00:00,-31.09758790943853
Northern_Terrace,2006-04-16 00:00:00,-26.72574833691923
Northern_Terrace,2006-05-16 12:00:00,-21.69113073409936
Northern_Terrace,2006-06-16 00:00:00,7.474187119584056
Northern_Terrace,2006-07-16 12:00:00,21.14538800654215
Northern_Terrace,2006-08-16 12:00:00,17.483946970181556
Northern_Terrace,2006-09-16 00:00:00,22.008893310507503
Northern_Terrace,2006-10-16 12:00:00,16.1016434439292
Northern_Terrace,2006-11-16 00:00:00,-3.2664054359265506
Northern_Terrace,2006-12-16 12:00:00,-12.843040380285924
Northern_Terrace,2007-01-16 12:00:00,-27.461343294512428
Northern_Terrace,2007-02-15 00:00:00,-22.52661667897728
Northern_Terrace,2007-03-16 12:00:00,-23.829873213071853
Northern_Terrace,2007-04-16 00:00:00,-23.37849699700827
Northern_Terrace,2007-05-16 12:00:00,-23.397380055749153
Northern_Terrace,2007-06-16 00:00:00,1.5576748888627483
Northern_Terrace,2007-07-16 12:00:00,21.984772466150176
Northern_Terrace,2007-08-16 12:00:00,50.11535461829207
Northern_Terrace,2007-09-16 00:00:00,44.09063079128092
Northern_Terrace,2007-10-16 12:00:00,17.83340582661177
Northern_Terrace,2007-11-16 00:00:00,-3.7145804404376697
Northern_Terrace,2007-12-16 12:00:00,-9.070149821923614
Northern_Terrace,2008-01-16 12:00:00,-29.156407879951715
Northern_Terrace,2008-02-15 12:00:00,-29.545263112949662
Northern_Terrace,2008-03-16 12:00:00,-28.856033408034676
Northern_Terrace,2008-04-16 00:00:00,-20.427454080109474
Northern_Terrace,2008-05-16 12:00:00,-21.112607823680243
Northern_Terrace,2008-06-16 00:00:00,0.5458047399978636
Northern_Terrace,2008-07-16 12:00:00,29.100931679449616
Northern_Terrace,2008-08-16 12:00:00,41.9307252792907
Northern_Terrace,2008-09-16 00:00:00,38.73840142991005
Northern_Terrace,2008-10-16 12:00:00,17.450326072050565
Northern_Terrace,2008-11-16 00:00:00,-7.52810362066776
Northern_Terrace,2008-12-16 12:00:00,-18.9225042885028
Northern_Terrace,2009-01-16 12:00:00,-28.56544443167774
Northern_Terrace,2009-02-15 00:00:00,-32.35995175763516
Northern_Terrace,2009-03-16 12:00:00,-31.52852695674478
Northern_Terrace,2009-04-16 00:00:00,-33.806477687828334
Northern_Terrace,2009-05-16 12:00:00,-28.064779660509192
Northern_Terrace,2009-06-16 00:00:00,-14.714958732729134
Northern_Terrace,2009-07-16 12:00:00,10.415290949867224
Northern_Terrace,2009-08-16 12:00:00,26.309253370585196
Northern_Terrace,2009-09-16 00:00:00,12.346963384080091
Northern_Terrace,2009-10-16 12:00:00,6.898945775208011
Northern_Terrace,2009-11-16 00:00:00,-8.746630139279416
Northern_Terrace,2009-12-16 12:00:00,-26.50547155702135
Northern_Terrace,2010-01-16 12:00:00,-30.213018594857722
Northern_Terrace,2010-02-15 00:00:00,-37.00898994384514
Northern_Terrace,2010-03-16 12:00:00,-49.981034666265884
Northern_Terrace,2010-04-16 00:00:00,-40.22192634880509
Northern_Terrace,2010-05-16 12:00:00,-23.037684562680415
Northern_Terrace,2010-06-16 00:00:00,-9.968065362324625
Northern_Terrace,2010-07-16 12:00:00,18.33049125772896
Northern_Terrace,2010-08-16 12:00:00,20.23624811587926
Northern_Terrace,2010-09-16 00:00:00,26.512260933516654
Northern_Terrace,2010-10-16 12:00:00,6.905279374472961
Northern_Terrace,2010-11-16 00:00:00,-10.067045224647213
Northern_Terrace,2010-12-14 12:00:00,-22.892444962023838
Northern_Terrace,2011-02-18 12:00:00,-45.87578041162086
Northern_Terrace,2011-03-16 12:00:00,-37.67868218572609
Northern_Terrace,2011-04-16 00:00:00,-40.55746962528757
Northern_Terrace,2011-05-16 12:00:00,-36.28055811779202
Northern_Terrace,2011-07-18 12:00:00,11.69011780704922
Northern_Terrace,2011-08-16 12:00:00,27.210659702764495
Northern_Terrace,2011-09-16 00:00:00,10.789138689811073
Northern_Terrace,2011-10-16 12:00:00,-6.122185440386592
Northern_Terrace,2011-11-01 12:00:00,-17.87748006234932
Northern_Terrace,2012-01-01 00:00:00,-34.6343337342225
Northern_Terrace,2012-01-16 12:00:00,-37.45730960474641
Northern_Terrace,2012-02-15 12:00:00,-39.75027992672372
Northern_Terrace,2012-03-16 12:00:00,-54.52420434773385
Northern_Terrace,2012-04-04 12:00:00,-50.30656696040201
Northern_Terrace,2012-06-16 00:00:00,-10.811358424145821
Northern_Terrace,2012-07-16 12:00:00,5.168589104716947
Northern_Terrace,2012-08-16 12:00:00,20.895433457654384
Northern_Terrace,2012-09-13 00:00:00,16.413895874648343
Northern_Terrace,2012-11-18 12:00:00,-27.36816267298959
Northern_Terrace,2012-12-16 12:00:00,-35.091417000925325
Northern_Terrace,2013-01-16 12:00:00,-43.17955246182104
Northern_Terrace,2013-02-14 00:00:00,-48.710648017272774
Northern_Terrace,2013-04-21 00:00:00,-49.94629312690594
Northern_Terrace,2013-05-16 12:00:00,-37.543160896983615
Northern_Terrace,2013-06-16 00:00:00,-13.105934377055284
Northern_Terrace,2013-07-16 12:00:00,8.443334896311267
Northern_Terrace,2013-10-16 12:00:00,-3.5007727774112487
Northern_Terrace,2013-11-16 00:00:00,-18.122480964972496
Northern_Terrace,2013-12-16 12:00:00,-36.31750375097224
Northern_Terrace,2014-01-09 12:00:00,-47.90520721020734
Northern_Terrace,2014-03-16 12:00:00,-52.780099826350444
Northern_Terrace,2014-04-16 00:00:00,-58.83637294520685
Northern_Terrace,2014-05-16 12:00:00,-46.45423599765913
Northern_Terrace,2014-06-13 00:00:00,-25.621019711659024
Northern_Terrace,2014-08-16 12:00:00,16.28073926551498
Northern_Terrace,2014-09-16 00:00:00,10.826411357492178
Northern_Terrace,2014-10-16 12:00:00,0.5878448926249844
Northern_Terrace,2014-11-17 00:00:00,-17.65913815475535
Northern_Terrace,2015-01-22 12:00:00,-34.542688154371945
Northern_Terrace,2015-02-15 00:00:00,-34.67606224525137
Northern_Terrace,2015-03-16 12:00:00,-44.817161585116985
Northern_Terrace,2015-04-16 00:00:00,-43.807725834701245
Northern_Terrace,2015-04-27 00:00:00,-43.46245110773471
Northern_Terrace,2015-07-15 12:00:00,5.638708288374497
Northern_Terrace,2015-08-16 12:00:00,12.934731927899353
Northern_Terrace,2015-09-14 12:00:00,19.72704075761509
Northern_Terrace,2015-12-23 12:00:00,-43.886338607038994
Northern_Terrace,2016-01-16 12:00:00,-24.725648138703114
Northern_Terrace,2016-02-14 00:00:00,-41.08246341665134
Northern_Terrace,2016-03-16 12:00:00,-66.07619420541154
Northern_Terrace,2016-05-20 00:00:00,-41.38201040178192
Northern_Terrace,2016-06-16 00:00:00,-23.00725409517778
Northern_Terrace,2016-07-15 12:00:00,16.25869945293786
Northern_Terrace,2016-08-21 12:00:00,2.7173023045430833
Northern_Terrace,2016-11-27 12:00:00,-30.683604927310682
Northern_Terrace,2016-12-24 12:00:00,-52.04037434858816
Northern_Terrace,2017-01-21 00:00:00,-42.59691497894758
Northern_Terrace,2017-03-31 12:00:00,-45.68834178531579
Northern_Terrace,2017-04-24 12:00:00,-39.60579272345453
Northern_Terrace,2017-05-12 12:00:00,-34.31681365788875
Northern_Terrace,2017-06-11 00:00:00,-19.81376330221724
Northern_Terrace,2018-06-16 00:00:00,-30.418522177734964
Northern_Terrace,2018-07-10 00:00:00,-13.20519707823106
Northern_Terrace,2018-10-31 12:00:00,-25.63717443887746
Northern_Terrace,2018-11-16 00:00:00,-35.27393041387472
Northern_Terrace,2018-12-16 12:00:00,-45.96276768237836
Northern_Terrace,2019-01-16 12:00:00,-51.45463473481838
Northern_Terrace,2019-02-14 00:00:00,-54.120740523418064
Northern_Terrace,2019-03-16 12:00:00,-54.41447616437928
Northern_Terrace,2019-04-16 00:00:00,-50.29346894530984
Northern_Terrace,2019-05-16 12:00:00,-41.28110042339931
Northern_Terrace,2019-06-16 00:00:00,-29.89680394781901
Northern_Terrace,2019-07-16 12:00:00,3.2696875809242867
Northern_Terrace,2019-08-16 12:00:00,6.461211256537042
Northern_Terrace,2019-09-16 00:00:00,1.934835724343165
Northern_Terrace,2019-10-16 12:00:00,-6.656708695056439
Northern_Terrace,2019-11-16 00:00:00,-25.1138591483937
Northern_Terrace,2019-12-16 12:00:00,-36.29738050591942
Northern_Terrace,2020-01-16 12:00:00,-50.04274663655593
Northern_Terrace,2020-02-15 12:00:00,-48.545976507453474
Northern_Terrace,2020-03-16 12:00:00,-57.17149803043804
Northern_Terrace,2020-04-16 00:00:00,-56.75908649755014
Northern_Terrace,2020-05-16 12:00:00,-38.161392637876915
Northern_Terrace,2020-06-16 00:00:00,-14.187981460119593
Northern_Terrace,2020-07-16 12:00:00,25.8745438571046
Northern_Terrace,2020-08-16 12:00:00,12.97878766827482
Northern_Terrace,2020-09-16 00:00:00,7.101743895175469
Northern_Terrace,2020-10-16 12:00:00,3.1047462380678654
Northern_Terrace,2020-11-16 00:00:00,-25.935288778023974
Northern_Terrace,2020-12-16 12:00:00,-41.425728989258374
Northern_Terrace,2021-01-16 12:00:00,-52.93584255457481
Northern_Terrace,2021-02-15 00:00:00,-59.60599962608043
Northern_Terrace,2021-03-16 12:00:00,-60.222800861148905
Northern_Terrace,2021-04-16 00:00:00,-68.72675606953763
Northern_Terrace,2021-05-16 12:00:00,-51.42825941448771
Northern_Terrace,2021-06-16 00:00:00,-25.937792345377712
Northern_Terrace,2021-07-16 12:00:00,-2.9993927558541102
Northern_Terrace,2021-08-16 12:00:00,6.500636225959662
Northern_Terrace,2021-09-16 00:00:00,4.906837230527211
Northern_Terrace,2021-10-16 12:00:00,-14.041396999382055
Northern_Terrace,2021-11-16 00:00:00,-29.71271316215811
Northern_Terrace,2021-12-16 12:00:00,-50.54525587223877
Northern_Terrace,2022-01-16 12:00:00,-57.784983065250515
Northern_Terrace,2022-02-15 00:00:00,-51.57888892011843
Northern_Terrace,2022-03-16 12:00:00,-62.155751884758295
Northern_Terrace,2022-04-16 00:00:00,-46.23813715915223
Northern_Terrace,2022-05-16 12:00:00,-37.64072758926141
Northern_Terrace,2022-06-16 00:00:00,-22.557546227545295
Northern_Terrace,2022-07-16 12:00:00,-10.135549444608511
Northern_Terrace,2022-08-16 12:00:00,-23.59983675465975
Northern_Terrace,2022-09-16 00:00:00,-10.042552543581484
Northern_Terrace,2022-10-16 12:00:00,-40.121059620105484
Northern_Terrace,2022-11-16 00:00:00,-35.84968379461078
Northern_Terrace,2022-12-16 12:00:00,-66.81810349570722
Northern_Terrace,2023-01-16 12:00:00,-65.67359661697974
Northern_Terrace,2023-02-15 00:00:00,-65.85201745116888
Northern_Terrace,2023-03-16 12:00:00,-74.88133181540833
Northern_Terrace,2023-04-16 00:00:00,-66.64781240910162
Northern_Terrace,2023-05-16 12:00:00,-65.05661925600288
Northern_Terrace,2023-06-16 00:00:00,-56.13874083004197
Northern_Terrace,2023-07-16 12:00:00,-27.255952958302576
Northern_Terrace,2023-08-16 12:00:00,-8.228147949818116
Northern_Terrace,2023-09-16 00:00:00,-25.250011278462974
Northern_Terrace,2023-10-16 12:00:00,-35.49233957158489
Northern_Terrace,2023-11-16 00:00:00,-52.92364921307691
Northern_Terrace,2023-12-16 12:00:00,-67.44302937685927
Northern_Terrace,2024-01-16 12:00:00,-78.00819896908332
Northern_Terrace,2024-02-15 12:00:00,-72.09016931826953
Northern_Terrace,2024-03-16 12:00:00,-76.07605709703769
Northern_Terrace,2024-04-16 00:00:00,-80.79824591656987
Northern_Terrace,2024-05-16 12:00:00,-76.76482110467799
Northern_Terrace,2024-06-16 00:00:00,-48.53135236508869
Northern_Terrace,2024-07-16 12:00:00,-18.50826836666183
Northern_Terrace,2024-08-16 12:00:00,-17.966021477048287
Northern_Terrace,2024-09-16 00:00:00,-34.42231679209498
Northern_Terrace,2024-10-16 12:00:00,-35.30342992373152
Northern_Terrace,2024-11-16 00:00:00,-53.72997896903806
Northern_Terrace,2024-12-16 12:00:00,-71.13884531885839
Northern_Terrace,2025-01-16 12:00:00,-77.92817700270493
Northern_Terrace,2025-02-15 00:00:00,-84.48552553964603
Northern_Terrace,2025-03-16 12:00:00,-87.20120719672845
Northern_Terrace,2025-04-16 00:00:00,-79.13250214991014
Northern_Terrace,2025-05-16 12:00:00,-71.43766289990208
Northern_Terrace,2025-06-16 12:00:00,-38.72594130565387
Northern_Terrace,2025-07-16 12:00:00,-43.341286798596094
Northern_Terrace,2025-08-16 12:00:00,-28.35526946906002
Northern_Terrace,2025-09-16 00:00:00,-21.019269581363552
Northern_Terrace,2025-10-16 12:00:00,-27.91115177668798
Northern_Terrace,2025-11-16 00:00:00,-48.49704419327033
Northern_Terrace,2025-12-16 12:00:00,-62.342073767187664
Northern_Terrace,2026-01-16 12:00:00,-71.89148838016902
Northern_Terrace,2026-02-15 00:00:00,-82.40417678499485
Northern_Terrace,2026-03-16 12:00:00,-75.49158271000016
Brahmaputra_Floodplain,2002-04-17 12:00:00,-8.466571387469891
Brahmaputra_Floodplain,2002-05-10 12:00:00,-3.135450445252093
Brahmaputra_Floodplain,2002-08-16 12:00:00,36.57612906318632
Brahmaputra_Floodplain,2002-09-16 00:00:00,23.688539291593926
Brahmaputra_Floodplain,2002-10-16 12:00:00,16.699134414445588
Brahmaputra_Floodplain,2002-11-16 00:00:00,1.1493542379729693
Brahmaputra_Floodplain,2002-12-16 12:00:00,-7.303483542336945
Brahmaputra_Floodplain,2003-01-16 12:00:00,-10.023731896872581
Brahmaputra_Floodplain,2003-02-15 00:00:00,-17.328860522936314
Brahmaputra_Floodplain,2003-03-16 12:00:00,-20.04876479288602
Brahmaputra_Floodplain,2003-04-16 00:00:00,-11.462716974758665
Brahmaputra_Floodplain,2003-05-11 12:00:00,-7.668724585843243
Brahmaputra_Floodplain,2003-07-16 12:00:00,31.65736621893479
Brahmaputra_Floodplain,2003-08-16 12:00:00,26.887292901036492
Brahmaputra_Floodplain,2003-09-16 00:00:00,27.014094730951047
Brahmaputra_Floodplain,2003-10-16 00:00:00,18.67897943237222
Brahmaputra_Floodplain,2003-11-16 00:00:00,5.2492518390648275
Brahmaputra_Floodplain,2003-12-16 12:00:00,-4.6493118136833465
Brahmaputra_Floodplain,2004-01-07 12:00:00,-12.499106707016729
Brahmaputra_Floodplain,2004-02-17 00:00:00,-12.77086491985533
Brahmaputra_Floodplain,2004-03-16 12:00:00,-21.044479226579824
Brahmaputra_Floodplain,2004-04-16 00:00:00,-11.113680777434363
Brahmaputra_Floodplain,2004-05-16 12:00:00,-0.3880176152805782
Brahmaputra_Floodplain,2004-06-16 00:00:00,9.651914407815266
Brahmaputra_Floodplain,2004-07-16 12:00:00,43.375372543359404
Brahmaputra_Floodplain,2004-08-16 12:00:00,36.44609118452748
Brahmaputra_Floodplain,2004-09-16 00:00:00,33.36292010128642
Brahmaputra_Floodplain,2004-10-16 12:00:00,27.923839905824213
Brahmaputra_Floodplain,2004-11-16 00:00:00,7.389923966851921
Brahmaputra_Floodplain,2004-12-16 12:00:00,-11.922833596542423
Brahmaputra_Floodplain,2005-01-16 12:00:00,-16.395418748983698
Brahmaputra_Floodplain,2005-02-15 00:00:00,-15.850264456033058
Brahmaputra_Floodplain,2005-03-16 12:00:00,-13.62333590953103
Brahmaputra_Floodplain,2005-04-16 00:00:00,-11.511161569380583
Brahmaputra_Floodplain,2005-05-16 12:00:00,-7.003865573818346
Brahmaputra_Floodplain,2005-06-16 00:00:00,2.9775429929861335
Brahmaputra_Floodplain,2005-07-16 12:00:00,17.82455946755388
Brahmaputra_Floodplain,2005-08-16 12:00:00,25.856670969000486
Brahmaputra_Floodplain,2005-09-16 00:00:00,21.166345108099677
Brahmaputra_Floodplain,2005-10-16 12:00:00,15.544682805461358
Brahmaputra_Floodplain,2005-11-16 00:00:00,2.5357656986455006
Brahmaputra_Floodplain,2005-12-16 12:00:00,-6.029179818813434
Brahmaputra_Floodplain,2006-01-16 12:00:00,-16.577062192426236
Brahmaputra_Floodplain,2006-02-15 00:00:00,-20.162387343673718
Brahmaputra_Floodplain,2006-03-16 12:00:00,-23.832489431072812
Brahmaputra_Floodplain,2006-04-16 00:00:00,-24.441499421211393
Brahmaputra_Floodplain,2006-05-16 12:00:00,-20.902209254011243
Brahmaputra_Floodplain,2006-06-16 00:00:00,7.205999217016913
Brahmaputra_Floodplain,2006-07-16 12:00:00,16.175900323505942
Brahmaputra_Floodplain,2006-08-16 12:00:00,12.411154821108948
Brahmaputra_Floodplain,2006-09-16 00:00:00,14.935474567793099
Brahmaputra_Floodplain,2006-10-16 12:00:00,8.736336588848623
Brahmaputra_Floodplain,2006-11-16 00:00:00,-6.091157060971007
Brahmaputra_Floodplain,2006-12-16 12:00:00,-10.00948995838447
Brahmaputra_Floodplain,2007-01-16 12:00:00,-20.481257817097845
Brahmaputra_Floodplain,2007-02-15 00:00:00,-19.094237846410145
Brahmaputra_Floodplain,2007-03-16 12:00:00,-22.967054437080122
Brahmaputra_Floodplain,2007-04-16 00:00:00,-19.32423980302124
Brahmaputra_Floodplain,2007-05-16 12:00:00,-14.199439430469248
Brahmaputra_Floodplain,2007-06-16 00:00:00,10.388793700195597
Brahmaputra_Floodplain,2007-07-16 12:00:00,26.3423154289803
Brahmaputra_Floodplain,2007-08-16 12:00:00,37.01916236733668
Brahmaputra_Floodplain,2007-09-16 00:00:00,32.96701252148455
Brahmaputra_Floodplain,2007-10-16 12:00:00,17.635536251050453
Brahmaputra_Floodplain,2007-11-16 00:00:00,0.9032743614648157
Brahmaputra_Floodplain,2007-12-16 12:00:00,-3.2511603942534557
Brahmaputra_Floodplain,2008-01-16 12:00:00,-16.302309949920723
Brahmaputra_Floodplain,2008-02-15 12:00:00,-17.08861402836165
Brahmaputra_Floodplain,2008-03-16 12:00:00,-16.714432081014778
Brahmaputra_Floodplain,2008-04-16 00:00:00,-14.85558583328875
Brahmaputra_Floodplain,2008-05-16 12:00:00,-11.902473028892999
Brahmaputra_Floodplain,2008-06-16 00:00:00,2.547807426368277
Brahmaputra_Floodplain,2008-07-16 12:00:00,25.64493848342463
Brahmaputra_Floodplain,2008-08-16 12:00:00,29.011404850276424
Brahmaputra_Floodplain,2008-09-16 00:00:00,30.008125295394233
Brahmaputra_Floodplain,2008-10-16 12:00:00,15.05375145754443
Brahmaputra_Floodplain,2008-11-16 00:00:00,-4.552958469550697
Brahmaputra_Floodplain,2008-12-16 12:00:00,-13.728997070073369
Brahmaputra_Floodplain,2009-01-16 12:00:00,-18.00648546284519
Brahmaputra_Floodplain,2009-02-15 00:00:00,-22.548791222254795
Brahmaputra_Floodplain,2009-03-16 12:00:00,-22.623026713561714
Brahmaputra_Floodplain,2009-04-16 00:00:00,-22.955436593111695
Brahmaputra_Floodplain,2009-05-16 12:00:00,-21.866839024492215
Brahmaputra_Floodplain,2009-06-16 00:00:00,-7.368272025057303
Brahmaputra_Floodplain,2009-07-16 12:00:00,9.319160113320512
Brahmaputra_Floodplain,2009-08-16 12:00:00,23.71290671500546
Brahmaputra_Floodplain,2009-09-16 00:00:00,16.61323611785217
Brahmaputra_Floodplain,2009-10-16 12:00:00,8.385588519941168
Brahmaputra_Floodplain,2009-11-16 00:00:00,-2.548119412549914
Brahmaputra_Floodplain,2009-12-16 12:00:00,-14.525274054996752
Brahmaputra_Floodplain,2010-01-16 12:00:00,-17.15066972523173
Brahmaputra_Floodplain,2010-02-15 00:00:00,-23.6545476523265
Brahmaputra_Floodplain,2010-03-16 12:00:00,-29.97995925145564
Brahmaputra_Floodplain,2010-04-16 00:00:00,-18.73418902093039
Brahmaputra_Floodplain,2010-05-16 12:00:00,-7.290417382412779
Brahmaputra_Floodplain,2010-06-16 00:00:00,7.4916854182120645
Brahmaputra_Floodplain,2010-07-16 12:00:00,21.828921133701787
Brahmaputra_Floodplain,2010-08-16 12:00:00,21.680682430026856
Brahmaputra_Floodplain,2010-09-16 00:00:00,24.57123822863717
Brahmaputra_Floodplain,2010-10-16 12:00:00,16.548848634955217
Brahmaputra_Floodplain,2010-11-16 00:00:00,1.4390744346564721
Brahmaputra_Floodplain,2010-12-14 12:00:00,-10.40618845579777
Brahmaputra_Floodplain,2011-02-18 12:00:00,-28.69352555188536
Brahmaputra_Floodplain,2011-03-16 12:00:00,-21.997006845403114
Brahmaputra_Floodplain,2011-04-16 00:00:00,-24.23574341914935
Brahmaputra_Floodplain,2011-05-16 12:00:00,-18.944704011414863
Brahmaputra_Floodplain,2011-07-18 12:00:00,16.581287334755196
Brahmaputra_Floodplain,2011-08-16 12:00:00,27.286201259976316
Brahmaputra_Floodplain,2011-09-16 00:00:00,18.187044911869332
Brahmaputra_Floodplain,2011-10-16 12:00:00,8.400873937204206
Brahmaputra_Floodplain,2011-11-01 12:00:00,-0.540965031015566
Brahmaputra_Floodplain,2012-01-01 00:00:00,-17.95192492520809
Brahmaputra_Floodplain,2012-01-16 12:00:00,-19.693048938108753
Brahmaputra_Floodplain,2012-02-15 12:00:00,-22.705389535726425
Brahmaputra_Floodplain,2012-03-16 12:00:00,-29.996934646426233
Brahmaputra_Floodplain,2012-04-04 12:00:00,-28.457021726540827
Brahmaputra_Floodplain,2012-06-16 00:00:00,1.156322058302913
Brahmaputra_Floodplain,2012-07-16 12:00:00,17.347462248347753
Brahmaputra_Floodplain,2012-08-16 12:00:00,23.81907511699265
Brahmaputra_Floodplain,2012-09-13 00:00:00,21.26831687289838
Brahmaputra_Floodplain,2012-11-18 12:00:00,-6.862903438024687
Brahmaputra_Floodplain,2012-12-16 12:00:00,-14.31596027683271
Brahmaputra_Floodplain,2013-01-16 12:00:00,-19.67305866809874
Brahmaputra_Floodplain,2013-02-14 00:00:00,-23.882690542532643
Brahmaputra_Floodplain,2013-04-21 00:00:00,-30.841048143603984
Brahmaputra_Floodplain,2013-05-16 12:00:00,-16.828993639166875
Brahmaputra_Floodplain,2013-06-16 00:00:00,0.9721416517395182
Brahmaputra_Floodplain,2013-07-16 12:00:00,11.491006854483716
Brahmaputra_Floodplain,2013-10-16 12:00:00,6.952601376627236
Brahmaputra_Floodplain,2013-11-16 00:00:00,-6.959422910423696
Brahmaputra_Floodplain,2013-12-16 12:00:00,-18.09733080705066
Brahmaputra_Floodplain,2014-01-09 12:00:00,-25.659039551157246
Brahmaputra_Floodplain,2014-03-16 12:00:00,-34.701073427050204
Brahmaputra_Floodplain,2014-04-16 00:00:00,-36.91822093746593
Brahmaputra_Floodplain,2014-05-16 12:00:00,-29.081517754169518
Brahmaputra_Floodplain,2014-06-13 00:00:00,-13.348595706010757
Brahmaputra_Floodplain,2014-08-16 12:00:00,19.15711595091496
Brahmaputra_Floodplain,2014-09-16 00:00:00,21.591130854573088
Brahmaputra_Floodplain,2014-10-16 12:00:00,9.182943666628987
Brahmaputra_Floodplain,2014-11-17 00:00:00,-5.31880028532956
Brahmaputra_Floodplain,2015-01-22 12:00:00,-20.840037920502137
Brahmaputra_Floodplain,2015-02-15 00:00:00,-25.026020628881458
Brahmaputra_Floodplain,2015-03-16 12:00:00,-42.41393548551569
Brahmaputra_Floodplain,2015-04-16 00:00:00,-27.830127511058986
Brahmaputra_Floodplain,2015-04-27 00:00:00,-29.749918710839054
Brahmaputra_Floodplain,2015-07-15 12:00:00,16.38917216401321
Brahmaputra_Floodplain,2015-08-16 12:00:00,22.2106037738337
Brahmaputra_Floodplain,2015-09-14 12:00:00,27.356105622175555
Brahmaputra_Floodplain,2015-12-23 12:00:00,-14.567582988276023
Brahmaputra_Floodplain,2016-01-16 12:00:00,-24.84140953995238
Brahmaputra_Floodplain,2016-02-14 00:00:00,-24.411138424027552
Brahmaputra_Floodplain,2016-03-16 12:00:00,-32.023955442441135
Brahmaputra_Floodplain,2016-05-20 00:00:00,-16.85704342608347
Brahmaputra_Floodplain,2016-06-16 00:00:00,-1.703548776452832
Brahmaputra_Floodplain,2016-07-15 12:00:00,22.394197355298168
Brahmaputra_Floodplain,2016-08-21 12:00:00,14.802403966646764
Brahmaputra_Floodplain,2016-11-27 12:00:00,-7.4789553677526515
Brahmaputra_Floodplain,2016-12-24 12:00:00,-23.39152797254447
Brahmaputra_Floodplain,2017-01-21 00:00:00,-19.850991250189164
Brahmaputra_Floodplain,2017-03-31 12:00:00,-22.630559175035522
Brahmaputra_Floodplain,2017-04-24 12:00:00,-16.91763793191315
Brahmaputra_Floodplain,2017-05-12 12:00:00,-12.05599920579044
Brahmaputra_Floodplain,2017-06-11 00:00:00,-3.6024835027099433
Brahmaputra_Floodplain,2018-06-16 00:00:00,-1.8884566866604497
Brahmaputra_Floodplain,2018-07-10 00:00:00,11.843439554610988
Brahmaputra_Floodplain,2018-10-31 12:00:00,-3.9728009686376704
Brahmaputra_Floodplain,2018-11-16 00:00:00,-9.989220055031057
Brahmaputra_Floodplain,2018-12-16 12:00:00,-16.174951422087275
Brahmaputra_Floodplain,2019-01-16 12:00:00,-20.794209147854755
Brahmaputra_Floodplain,2019-02-14 00:00:00,-27.860669834878646
Brahmaputra_Floodplain,2019-03-16 12:00:00,-26.1631634874572
Brahmaputra_Floodplain,2019-04-16 00:00:00,-23.42423702475482
Brahmaputra_Floodplain,2019-05-16 12:00:00,-18.63986429215847
Brahmaputra_Floodplain,2019-06-16 00:00:00,-5.97132642073645
Brahmaputra_Floodplain,2019-07-16 12:00:00,18.35502820076393
Brahmaputra_Floodplain,2019-08-16 12:00:00,19.13611251524341
Brahmaputra_Floodplain,2019-09-16 00:00:00,12.433967845941904
Brahmaputra_Floodplain,2019-10-16 12:00:00,10.533261868388296
Brahmaputra_Floodplain,2019-11-16 00:00:00,-0.87577674736
Brahmaputra_Floodplain,2019-12-16 12:00:00,-9.288400574965735
Brahmaputra_Floodplain,2020-01-16 12:00:00,-18.601834602722626
Brahmaputra_Floodplain,2020-02-15 12:00:00,-24.437662130923172
Brahmaputra_Floodplain,2020-03-16 12:00:00,-27.135436600912026
Brahmaputra_Floodplain,2020-04-16 00:00:00,-26.311822460260515
Brahmaputra_Floodplain,2020-05-16 12:00:00,-14.057756871432938
Brahmaputra_Floodplain,2020-06-16 00:00:00,6.267156798837358
Brahmaputra_Floodplain,2020-07-16 12:00:00,33.47383158358659
Brahmaputra_Floodplain,2020-08-16 12:00:00,23.52935984140143
Brahmaputra_Floodplain,2020-09-16 00:00:00,18.54827825857795
Brahmaputra_Floodplain,2020-10-16 12:00:00,21.813778010969795
Brahmaputra_Floodplain,2020-11-16 00:00:00,2.3356008869127742
Brahmaputra_Floodplain,2020-12-16 12:00:00,-12.389556858664594
Brahmaputra_Floodplain,2021-01-16 12:00:00,-20.460878315535442
Brahmaputra_Floodplain,2021-02-15 00:00:00,-25.1881760208317
Brahmaputra_Floodplain,2021-03-16 12:00:00,-27.90772868345712
Brahmaputra_Floodplain,2021-04-16 00:00:00,-32.32319431202746
Brahmaputra_Floodplain,2021-05-16 12:00:00,-21.86256433617198
Brahmaputra_Floodplain,2021-06-16 00:00:00,-4.013461995714677
Brahmaputra_Floodplain,2021-07-16 12:00:00,9.363477117368923
Brahmaputra_Floodplain,2021-08-16 12:00:00,23.182558754583575
Brahmaputra_Floodplain,2021-09-16 00:00:00,18.88842849204795
Brahmaputra_Floodplain,2021-10-16 12:00:00,8.710087430869473
Brahmaputra_Floodplain,2021-11-16 00:00:00,-3.008993848866309
Brahmaputra_Floodplain,2021-12-16 12:00:00,-14.431261538262296
Brahmaputra_Floodplain,2022-01-16 12:00:00,-24.672128407657464
Brahmaputra_Floodplain,2022-02-15 00:00:00,-17.523132449551763
Brahmaputra_Floodplain,2022-03-16 12:00:00,-27.398007088940197
Brahmaputra_Floodplain,2022-04-16 00:00:00,-19.699125102393488
Brahmaputra_Floodplain,2022-05-16 12:00:00,-4.762771898818314
Brahmaputra_Floodplain,2022-06-16 00:00:00,7.583113027951386
Brahmaputra_Floodplain,2022-07-16 12:00:00,19.696003787673234
Brahmaputra_Floodplain,2022-08-16 12:00:00,2.7087529152607632
Brahmaputra_Floodplain,2022-09-16 00:00:00,12.907915282017
Brahmaputra_Floodplain,2022-10-16 12:00:00,3.4825495249942273
Brahmaputra_Floodplain,2022-11-16 00:00:00,-1.6013675968609145
Brahmaputra_Floodplain,2022-12-16 12:00:00,-18.75819400979708
Brahmaputra_Floodplain,2023-01-16 12:00:00,-24.05813951470171
Brahmaputra_Floodplain,2023-02-15 00:00:00,-24.89346904341708
Brahmaputra_Floodplain,2023-03-16 12:00:00,-28.283212024799322
Brahmaputra_Floodplain,2023-04-16 00:00:00,-30.32474316122095
Brahmaputra_Floodplain,2023-05-16 12:00:00,-26.191202121860332
Brahmaputra_Floodplain,2023-06-16 00:00:00,-13.951305180349332
Brahmaputra_Floodplain,2023-07-16 12:00:00,4.665772452527747
Brahmaputra_Floodplain,2023-08-16 12:00:00,17.446723078186395
Brahmaputra_Floodplain,2023-09-16 00:00:00,7.709761648785389
Brahmaputra_Floodplain,2023-10-16 12:00:00,4.692977885247026
Brahmaputra_Floodplain,2023-11-16 00:00:00,-7.2884528396267845
Brahmaputra_Floodplain,2023-12-16 12:00:00,-19.74972305931993
Brahmaputra_Floodplain,2024-01-16 12:00:00,-29.375488001640225
Brahmaputra_Floodplain,2024-02-15 12:00:00,-25.35754997391073
Brahmaputra_Floodplain,2024-03-16 12:00:00,-31.57654605829345
Brahmaputra_Floodplain,2024-04-16 00:00:00,-35.2391762417269
Brahmaputra_Floodplain,2024-05-16 12:00:00,-26.440643369080796
Brahmaputra_Floodplain,2024-06-16 00:00:00,-3.8536097767414845
Brahmaputra_Floodplain,2024-07-16 12:00:00,15.299390420185146
Brahmaputra_Floodplain,2024-08-16 12:00:00,11.765465511716316
Brahmaputra_Floodplain,2024-09-16 00:00:00,7.075384981894047
Brahmaputra_Floodplain,2024-10-16 12:00:00,7.025855144473913
Brahmaputra_Floodplain,2024-11-16 00:00:00,-7.491188552024543
Brahmaputra_Floodplain,2024-12-16 12:00:00,-20.644144054064228
Brahmaputra_Floodplain,2025-01-16 12:00:00,-29.090647019317043
Brahmaputra_Floodplain,2025-02-15 00:00:00,-30.83610947973025
Brahmaputra_Floodplain,2025-03-16 12:00:00,-34.83229919290557
Brahmaputra_Floodplain,2025-04-16 00:00:00,-28.478642411931656
Brahmaputra_Floodplain,2025-05-16 12:00:00,-19.670679246328753
Brahmaputra_Floodplain,2025-06-16 12:00:00,3.0871438966564178
Brahmaputra_Floodplain,2025-07-16 12:00:00,6.216328479595334
Brahmaputra_Floodplain,2025-08-16 12:00:00,15.374456882642574
Brahmaputra_Floodplain,2025-09-16 00:00:00,16.690610390387388
Brahmaputra_Floodplain,2025-10-16 12:00:00,9.598220444349536
Brahmaputra_Floodplain,2025-11-16 00:00:00,-6.759101346439938
Brahmaputra_Floodplain,2025-12-16 12:00:00,-17.180736301874287
Brahmaputra_Floodplain,2026-01-16 12:00:00,-19.975067391386553
Brahmaputra_Floodplain,2026-02-15 00:00:00,-28.88847729079288
Brahmaputra_Floodplain,2026-03-16 12:00:00,-26.836574106904003
Ganges_Floodplain,2002-04-17 12:00:00,-14.97537022740469
Ganges_Floodplain,2002-05-10 12:00:00,-9.859135116878761
Ganges_Floodplain,2002-08-16 12:00:00,43.84654251892694
Ganges_Floodplain,2002-09-16 00:00:00,31.754774775912853
Ganges_Floodplain,2002-10-16 12:00:00,26.75608940232948
Ganges_Floodplain,2002-11-16 00:00:00,5.7773210694437385
Ganges_Floodplain,2002-12-16 12:00:00,-3.3869961463188276
Ganges_Floodplain,2003-01-16 12:00:00,-5.126786684088131
Ganges_Floodplain,2003-02-15 00:00:00,-14.681844118845707
Ganges_Floodplain,2003-03-16 12:00:00,-23.27952624471262
Ganges_Floodplain,2003-04-16 00:00:00,-17.727299739345177
Ganges_Floodplain,2003-05-11 12:00:00,-14.926859218678521
Ganges_Floodplain,2003-07-16 12:00:00,34.225041572243235
Ganges_Floodplain,2003-08-16 12:00:00,31.06245894964105
Ganges_Floodplain,2003-09-16 00:00:00,30.949832747709962
Ganges_Floodplain,2003-10-16 00:00:00,27.082664299219886
Ganges_Floodplain,2003-11-16 00:00:00,12.155188478514333
Ganges_Floodplain,2003-12-16 12:00:00,-1.897295191668497
Ganges_Floodplain,2004-01-07 12:00:00,-9.6532583303857
Ganges_Floodplain,2004-02-17 00:00:00,-13.356083231724213
Ganges_Floodplain,2004-03-16 12:00:00,-27.523876456059025
Ganges_Floodplain,2004-04-16 00:00:00,-22.1987231799911
Ganges_Floodplain,2004-05-16 12:00:00,-7.418751220566345
Ganges_Floodplain,2004-06-16 00:00:00,0.25304571819032506
Ganges_Floodplain,2004-07-16 12:00:00,40.86836853349456
Ganges_Floodplain,2004-08-16 12:00:00,38.30970467205109
Ganges_Floodplain,2004-09-16 00:00:00,42.108722179047035
Ganges_Floodplain,2004-10-16 12:00:00,40.61102829113065
Ganges_Floodplain,2004-11-16 00:00:00,10.138743213050631
Ganges_Floodplain,2004-12-16 12:00:00,-10.765310818705274
Ganges_Floodplain,2005-01-16 12:00:00,-18.68555632022685
Ganges_Floodplain,2005-02-15 00:00:00,-21.077071777810207
Ganges_Floodplain,2005-03-16 12:00:00,-20.548010265961192
Ganges_Floodplain,2005-04-16 00:00:00,-23.150860531828926
Ganges_Floodplain,2005-05-16 12:00:00,-21.569618436209993
Ganges_Floodplain,2005-06-16 00:00:00,-11.018996619486405
Ganges_Floodplain,2005-07-16 12:00:00,16.81065524539432
Ganges_Floodplain,2005-08-16 12:00:00,28.676392519278995
Ganges_Floodplain,2005-09-16 00:00:00,27.4440703467423
Ganges_Floodplain,2005-10-16 12:00:00,22.133505177392763
Ganges_Floodplain,2005-11-16 00:00:00,4.8974171287535295
Ganges_Floodplain,2005-12-16 12:00:00,-6.201211415727839
Ganges_Floodplain,2006-01-16 12:00:00,-14.870738144499992
Ganges_Floodplain,2006-02-15 00:00:00,-21.066092452972065
Ganges_Floodplain,2006-03-16 12:00:00,-30.555619228603558
Ganges_Floodplain,2006-04-16 00:00:00,-37.28286172985811
Ganges_Floodplain,2006-05-16 12:00:00,-34.8806840235827
Ganges_Floodplain,2006-06-16 00:00:00,1.9872572406730231
Ganges_Floodplain,2006-07-16 12:00:00,19.903908786994393
Ganges_Floodplain,2006-08-16 12:00:00,17.973179873594212
Ganges_Floodplain,2006-09-16 00:00:00,22.80681274357455
Ganges_Floodplain,2006-10-16 12:00:00,19.206830327804283
Ganges_Floodplain,2006-11-16 00:00:00,-0.7168354524268297
Ganges_Floodplain,2006-12-16 12:00:00,-6.383019293764208
Ganges_Floodplain,2007-01-16 12:00:00,-20.977431610649056
Ganges_Floodplain,2007-02-15 00:00:00,-22.370045414850505
Ganges_Floodplain,2007-03-16 12:00:00,-28.464722053841918
Ganges_Floodplain,2007-04-16 00:00:00,-25.493918897903647
Ganges_Floodplain,2007-05-16 12:00:00,-22.332810623307655
Ganges_Floodplain,2007-06-16 00:00:00,3.947474254499157
Ganges_Floodplain,2007-07-16 12:00:00,30.381632623032573
Ganges_Floodplain,2007-08-16 12:00:00,51.416647018875054
Ganges_Floodplain,2007-09-16 00:00:00,47.11000848739392
Ganges_Floodplain,2007-10-16 12:00:00,29.428510319576436
Ganges_Floodplain,2007-11-16 00:00:00,9.617192449358821
Ganges_Floodplain,2007-12-16 12:00:00,2.306708859834709
Ganges_Floodplain,2008-01-16 12:00:00,-11.789398485948276
Ganges_Floodplain,2008-02-15 12:00:00,-14.850335359128849
Ganges_Floodplain,2008-03-16 12:00:00,-17.519108311066333
Ganges_Floodplain,2008-04-16 00:00:00,-19.10985667582118
Ganges_Floodplain,2008-05-16 12:00:00,-19.48687241405226
Ganges_Floodplain,2008-06-16 00:00:00,-3.451747550017635
Ganges_Floodplain,2008-07-16 12:00:00,31.350571861847396
Ganges_Floodplain,2008-08-16 12:00:00,39.43802025675571
Ganges_Floodplain,2008-09-16 00:00:00,41.18823329071723
Ganges_Floodplain,2008-10-16 12:00:00,23.486600658171888
Ganges_Floodplain,2008-11-16 00:00:00,-3.0470337601403563
Ganges_Floodplain,2008-12-16 12:00:00,-15.34120201465646
Ganges_Floodplain,2009-01-16 12:00:00,-16.312401491911793
Ganges_Floodplain,2009-02-15 00:00:00,-21.320369596084383
Ganges_Floodplain,2009-03-16 12:00:00,-28.54139669038774
Ganges_Floodplain,2009-04-16 00:00:00,-34.717147075047876
Ganges_Floodplain,2009-05-16 12:00:00,-30.906045022366026
Ganges_Floodplain,2009-06-16 00:00:00,-16.14617168851482
Ganges_Floodplain,2009-07-16 12:00:00,2.862507867739965
Ganges_Floodplain,2009-08-16 12:00:00,29.654684783998096
Ganges_Floodplain,2009-09-16 00:00:00,25.84754672513243
Ganges_Floodplain,2009-10-16 12:00:00,17.787353657362733
Ganges_Floodplain,2009-11-16 00:00:00,3.210601669391181
Ganges_Floodplain,2009-12-16 12:00:00,-12.062743114766636
Ganges_Floodplain,2010-01-16 12:00:00,-12.36621336243669
Ganges_Floodplain,2010-02-15 00:00:00,-20.699982797123464
Ganges_Floodplain,2010-03-16 12:00:00,-33.53685203651505
Ganges_Floodplain,2010-04-16 00:00:00,-25.893028319098978
Ganges_Floodplain,2010-05-16 12:00:00,-17.514817311249708
Ganges_Floodplain,2010-06-16 00:00:00,0.5204100164287631
Ganges_Floodplain,2010-07-16 12:00:00,22.747546685924416
Ganges_Floodplain,2010-08-16 12:00:00,20.30445173451401
Ganges_Floodplain,2010-09-16 00:00:00,24.555348419992157
Ganges_Floodplain,2010-10-16 12:00:00,21.870328915432896
Ganges_Floodplain,2010-11-16 00:00:00,0.42725033178517097
Ganges_Floodplain,2010-12-14 12:00:00,-6.677897126447441
Ganges_Floodplain,2011-02-18 12:00:00,-32.10763889523882
Ganges_Floodplain,2011-03-16 12:00:00,-28.039453988929342
Ganges_Floodplain,2011-04-16 00:00:00,-33.5353307260935
Ganges_Floodplain,2011-05-16 12:00:00,-28.93856886263107
Ganges_Floodplain,2011-07-18 12:00:00,15.90968992164168
Ganges_Floodplain,2011-08-16 12:00:00,33.52232601496796
Ganges_Floodplain,2011-09-16 00:00:00,30.8574806709289
Ganges_Floodplain,2011-10-16 12:00:00,18.911257113539143
Ganges_Floodplain,2011-11-01 12:00:00,5.520875990214836
Ganges_Floodplain,2012-01-01 00:00:00,-16.609333388530153
Ganges_Floodplain,2012-01-16 12:00:00,-18.451282955646228
Ganges_Floodplain,2012-02-15 12:00:00,-21.47629800342364
Ganges_Floodplain,2012-03-16 12:00:00,-34.5699268418994
Ganges_Floodplain,2012-04-04 12:00:00,-33.59112134201498
Ganges_Floodplain,2012-06-16 00:00:00,-9.189112626731008
Ganges_Floodplain,2012-07-16 12:00:00,14.466886384146381
Ganges_Floodplain,2012-08-16 12:00:00,27.518280046080935
Ganges_Floodplain,2012-09-13 00:00:00,30.673145847954817
Ganges_Floodplain,2012-11-18 12:00:00,-1.1727178171635901
Ganges_Floodplain,2012-12-16 12:00:00,-11.317203227958382
Ganges_Floodplain,2013-01-16 12:00:00,-15.13508467075961
Ganges_Floodplain,2013-02-14 00:00:00,-20.49306250717659
Ganges_Floodplain,2013-04-21 00:00:00,-39.371213128355876
Ganges_Floodplain,2013-05-16 12:00:00,-25.588273886587352
Ganges_Floodplain,2013-06-16 00:00:00,-5.402628837377089
Ganges_Floodplain,2013-07-16 12:00:00,12.359949835139153
Ganges_Floodplain,2013-10-16 12:00:00,19.1721608216385
Ganges_Floodplain,2013-11-16 00:00:00,2.7759143734017586
Ganges_Floodplain,2013-12-16 12:00:00,-11.017545939639191
Ganges_Floodplain,2014-01-09 12:00:00,-20.273888421531147
Ganges_Floodplain,2014-03-16 12:00:00,-34.21572489583716
Ganges_Floodplain,2014-04-16 00:00:00,-39.88772645771784
Ganges_Floodplain,2014-05-16 12:00:00,-35.5448552351977
Ganges_Floodplain,2014-06-13 00:00:00,-21.680219038877578
Ganges_Floodplain,2014-08-16 12:00:00,20.734288530382457
Ganges_Floodplain,2014-09-16 00:00:00,29.94240936603423
Ganges_Floodplain,2014-10-16 12:00:00,17.20829049135979
Ganges_Floodplain,2014-11-17 00:00:00,-1.7885240062622891
Ganges_Floodplain,2015-01-22 12:00:00,-13.90224309260218
Ganges_Floodplain,2015-02-15 00:00:00,-25.850157031143134
Ganges_Floodplain,2015-03-16 12:00:00,-35.032921311072926
Ganges_Floodplain,2015-04-16 00:00:00,-36.935618935718935
Ganges_Floodplain,2015-04-27 00:00:00,-35.129877143442805
Ganges_Floodplain,2015-07-15 12:00:00,24.93833173604749
Ganges_Floodplain,2015-08-16 12:00:00,36.866681872720946
Ganges_Floodplain,2015-09-14 12:00:00,42.917045200598885
Ganges_Floodplain,2015-12-23 12:00:00,-13.817524829351044
Ganges_Floodplain,2016-01-16 12:00:00,-22.570506774764286
Ganges_Floodplain,2016-02-14 00:00:00,-22.550731566970523
Ganges_Floodplain,2016-03-16 12:00:00,-34.303229205927494
Ganges_Floodplain,2016-05-20 00:00:00,-23.57023940533532
Ganges_Floodplain,2016-06-16 00:00:00,-11.004194974228035
Ganges_Floodplain,2016-07-15 12:00:00,17.158644943953785
Ganges_Floodplain,2016-08-21 12:00:00,24.50771177561396
Ganges_Floodplain,2016-11-27 12:00:00,-0.3391919802285077
Ganges_Floodplain,2016-12-24 12:00:00,-16.997693758894798
Ganges_Floodplain,2017-01-21 00:00:00,-15.86580693570836
Ganges_Floodplain,2017-03-31 12:00:00,-23.226676137450234
Ganges_Floodplain,2017-04-24 12:00:00,-18.874339723967115
Ganges_Floodplain,2017-05-12 12:00:00,-17.089992998986276
Ganges_Floodplain,2017-06-11 00:00:00,-10.060130593803745
Ganges_Floodplain,2018-06-16 00:00:00,-2.741650142809747
Ganges_Floodplain,2018-07-10 00:00:00,13.965500486623426
Ganges_Floodplain,2018-10-31 12:00:00,3.420808170916112
Ganges_Floodplain,2018-11-16 00:00:00,-4.915770354285067
Ganges_Floodplain,2018-12-16 12:00:00,-12.92923806288301
Ganges_Floodplain,2019-01-16 12:00:00,-19.773423082345154
Ganges_Floodplain,2019-02-14 00:00:00,-24.78107200998071
Ganges_Floodplain,2019-03-16 12:00:00,-26.207808479080718
Ganges_Floodplain,2019-04-16 00:00:00,-28.79138000480587
Ganges_Floodplain,2019-05-16 12:00:00,-23.372428599113412
Ganges_Floodplain,2019-06-16 00:00:00,-8.82359990445718
Ganges_Floodplain,2019-07-16 12:00:00,18.28724004681674
Ganges_Floodplain,2019-08-16 12:00:00,24.33778361191535
Ganges_Floodplain,2019-09-16 00:00:00,23.484996679649942
Ganges_Floodplain,2019-10-16 12:00:00,23.259928672289067
Ganges_Floodplain,2019-11-16 00:00:00,9.929275682359963
Ganges_Floodplain,2019-12-16 12:00:00,0.7554499177945768
Ganges_Floodplain,2020-01-16 12:00:00,-10.280524694150795
Ganges_Floodplain,2020-02-15 12:00:00,-16.238430035054915
Ganges_Floodplain,2020-03-16 12:00:00,-24.5260823054875
Ganges_Floodplain,2020-04-16 00:00:00,-28.698002078838602
Ganges_Floodplain,2020-05-16 12:00:00,-18.01659032377073
Ganges_Floodplain,2020-06-16 00:00:00,3.883260955890176
Ganges_Floodplain,2020-07-16 12:00:00,44.12190285014976
Ganges_Floodplain,2020-08-16 12:00:00,38.97149110435435
Ganges_Floodplain,2020-09-16 00:00:00,34.890762103469406
Ganges_Floodplain,2020-10-16 12:00:00,38.550932690944215
Ganges_Floodplain,2020-11-16 00:00:00,19.15286560960315
Ganges_Floodplain,2020-12-16 12:00:00,2.953307308504257
Ganges_Floodplain,2021-01-16 12:00:00,-8.934878848720263
Ganges_Floodplain,2021-02-15 00:00:00,-16.568240280320037
Ganges_Floodplain,2021-03-16 12:00:00,-23.234420675869735
Ganges_Floodplain,2021-04-16 00:00:00,-32.49921348618773
Ganges_Floodplain,2021-05-16 12:00:00,-23.26789281529134
Ganges_Floodplain,2021-06-16 00:00:00,-1.059305681583125
Ganges_Floodplain,2021-07-16 12:00:00,20.977130892271294
Ganges_Floodplain,2021-08-16 12:00:00,39.51582269434099
Ganges_Floodplain,2021-09-16 00:00:00,36.34087680033658
Ganges_Floodplain,2021-10-16 12:00:00,27.968453647440914
Ganges_Floodplain,2021-11-16 00:00:00,12.411283561203396
Ganges_Floodplain,2021-12-16 12:00:00,0.7936635582102971
Ganges_Floodplain,2022-01-16 12:00:00,-11.023526348816302
Ganges_Floodplain,2022-02-15 00:00:00,-5.268459560050745
Ganges_Floodplain,2022-03-16 12:00:00,-17.592321533214328
Ganges_Floodplain,2022-04-16 00:00:00,-14.120363786633273
Ganges_Floodplain,2022-05-16 12:00:00,-2.258257172221
Ganges_Floodplain,2022-06-16 00:00:00,6.129658264411335
Ganges_Floodplain,2022-07-16 12:00:00,23.277622176295296
Ganges_Floodplain,2022-08-16 12:00:00,22.721102695672165
Ganges_Floodplain,2022-09-16 00:00:00,33.4509919899346
Ganges_Floodplain,2022-10-16 12:00:00,12.639360808721069
Ganges_Floodplain,2022-11-16 00:00:00,10.620179351951773
Ganges_Floodplain,2022-12-16 12:00:00,-7.872164835107524
Ganges_Floodplain,2023-01-16 12:00:00,-14.558744837741752
Ganges_Floodplain,2023-02-15 00:00:00,-14.834031485198057
Ganges_Floodplain,2023-03-16 12:00:00,-22.2941740659754
Ganges_Floodplain,2023-04-16 00:00:00,-30.271957117886053
Ganges_Floodplain,2023-05-16 12:00:00,-29.71269622610338
Ganges_Floodplain,2023-06-16 00:00:00,-18.177538932588703
Ganges_Floodplain,2023-07-16 12:00:00,6.732583045783637
Ganges_Floodplain,2023-08-16 12:00:00,25.787409579197327
Ganges_Floodplain,2023-09-16 00:00:00,20.647524677489503
Ganges_Floodplain,2023-10-16 12:00:00,20.15842679709583
Ganges_Floodplain,2023-11-16 00:00:00,4.5359199302127005
Ganges_Floodplain,2023-12-16 12:00:00,-5.114804094412089
Ganges_Floodplain,2024-01-16 12:00:00,-15.609110565220448
Ganges_Floodplain,2024-02-15 12:00:00,-12.614069254843534
Ganges_Floodplain,2024-03-16 12:00:00,-23.29855562170518
Ganges_Floodplain,2024-04-16 00:00:00,-33.73386872197288
Ganges_Floodplain,2024-05-16 12:00:00,-27.552735745661657
Ganges_Floodplain,2024-06-16 00:00:00,-1.484930446242463
Ganges_Floodplain,2024-07-16 12:00:00,20.952612390346538
Ganges_Floodplain,2024-08-16 12:00:00,31.42783521633941
Ganges_Floodplain,2024-09-16 00:00:00,27.37536430711024
Ganges_Floodplain,2024-10-16 12:00:00,28.990593071114624
Ganges_Floodplain,2024-11-16 00:00:00,10.20167194963651
Ganges_Floodplain,2024-12-16 12:00:00,-3.7044945284309883
Ganges_Floodplain,2025-01-16 12:00:00,-12.092862724518062
Ganges_Floodplain,2025-02-15 00:00:00,-18.868281774574967
Ganges_Floodplain,2025-03-16 12:00:00,-26.550244817291706
Ganges_Floodplain,2025-04-16 00:00:00,-22.931587142616216
Ganges_Floodplain,2025-05-16 12:00:00,-15.485340718579678
Ganges_Floodplain,2025-06-16 12:00:00,13.88513201934648
Ganges_Floodplain,2025-07-16 12:00:00,23.938057470698737
Ganges_Floodplain,2025-08-16 12:00:00,39.08926234602377
Ganges_Floodplain,2025-09-16 00:00:00,42.557103921767535
Ganges_Floodplain,2025-10-16 12:00:00,36.84718648272847
Ganges_Floodplain,2025-11-16 00:00:00,13.59147975473094
Ganges_Floodplain,2025-12-16 12:00:00,2.331664671781453
Ganges_Floodplain,2026-01-16 12:00:00,-2.7637920099025024
Ganges_Floodplain,2026-02-15 00:00:00,-12.27825709498103
Ganges_Floodplain,2026-03-16 12:00:00,-12.997022352128393
GBM_Delta,2002-04-17 12:00:00,-10.596039483967147
GBM_Delta,2002-05-10 12:00:00,-7.183936736585737
GBM_Delta,2002-08-16 12:00:00,12.40029417954184
GBM_Delta,2002-09-16 00:00:00,6.94278064943769
GBM_Delta,2002-10-16 12:00:00,4.687747342701645
GBM_Delta,2002-11-16 00:00:00,0.46708080432865945
GBM_Delta,2002-12-16 12:00:00,-1.9569144379224968
GBM_Delta,2003-01-16 12:00:00,-3.6685495333751637
GBM_Delta,2003-02-15 00:00:00,-8.401223108655488
GBM_Delta,2003-03-16 12:00:00,-12.381459103403934
GBM_Delta,2003-04-16 00:00:00,-9.33883155544116
GBM_Delta,2003-05-11 12:00:00,-4.914111995507684
GBM_Delta,2003-07-16 12:00:00,8.145813364174133
GBM_Delta,2003-08-16 12:00:00,8.959911868942697
GBM_Delta,2003-09-16 00:00:00,10.80582395169875
GBM_Delta,2003-10-16 00:00:00,7.433479525354511
GBM_Delta,2003-11-16 00:00:00,6.476857427297512
GBM_Delta,2003-12-16 12:00:00,2.19773210466441
GBM_Delta,2004-01-07 12:00:00,-4.120138368490091
GBM_Delta,2004-02-17 00:00:00,-7.046719021440373
GBM_Delta,2004-03-16 12:00:00,-12.429351312031711
GBM_Delta,2004-04-16 00:00:00,-8.442475311174707
GBM_Delta,2004-05-16 12:00:00,2.6018798747585974
GBM_Delta,2004-06-16 00:00:00,4.863337522535706
GBM_Delta,2004-07-16 12:00:00,12.412543644914573
GBM_Delta,2004-08-16 12:00:00,15.386467715883747
GBM_Delta,2004-09-16 00:00:00,15.857771193765288
GBM_Delta,2004-10-16 12:00:00,14.256916140716662
GBM_Delta,2004-11-16 00:00:00,3.422695325759065
GBM_Delta,2004-12-16 12:00:00,-4.211556593230552
GBM_Delta,2005-01-16 12:00:00,-11.047952385670547
GBM_Delta,2005-02-15 00:00:00,-9.695610878506084
GBM_Delta,2005-03-16 12:00:00,-9.191394295729255
GBM_Delta,2005-04-16 00:00:00,-9.34777435751631
GBM_Delta,2005-05-16 12:00:00,-6.649892954945959
GBM_Delta,2005-06-16 00:00:00,-2.9228107699613917
GBM_Delta,2005-07-16 12:00:00,6.6233743686132565
GBM_Delta,2005-08-16 12:00:00,9.297905805701754
GBM_Delta,2005-09-16 00:00:00,11.530743528960945
GBM_Delta,2005-10-16 12:00:00,8.11715540995671
GBM_Delta,2005-11-16 00:00:00,4.87084674101646
GBM_Delta,2005-12-16 12:00:00,0.7816765523190814
GBM_Delta,2006-01-16 12:00:00,-3.3922334281205684
GBM_Delta,2006-02-15 00:00:00,-7.43884051669033
GBM_Delta,2006-03-16 12:00:00,-12.08070357825306
GBM_Delta,2006-04-16 00:00:00,-12.86213416534882
GBM_Delta,2006-05-16 12:00:00,-9.58436389393669
GBM_Delta,2006-06-16 00:00:00,2.049751047745286
GBM_Delta,2006-07-16 12:00:00,9.064819305951598
GBM_Delta,2006-08-16 12:00:00,7.869538446652955
GBM_Delta,2006-09-16 00:00:00,3.78276079607966
GBM_Delta,2006-10-16 12:00:00,5.515928483986103
GBM_Delta,2006-11-16 00:00:00,-3.679455531079384
GBM_Delta,2006-12-16 12:00:00,-4.168070140749804
GBM_Delta,2007-01-16 12:00:00,-11.347752924674975
GBM_Delta,2007-02-15 00:00:00,-9.858540271913782
GBM_Delta,2007-03-16 12:00:00,-16.102343381428973
GBM_Delta,2007-04-16 00:00:00,-7.199722246821947
GBM_Delta,2007-05-16 12:00:00,-2.6604227055813543
GBM_Delta,2007-06-16 00:00:00,0.30903151010578755
GBM_Delta,2007-07-16 12:00:00,9.12828484656203
GBM_Delta,2007-08-16 12:00:00,15.497287813667784
GBM_Delta,2007-09-16 00:00:00,13.982526576771496
GBM_Delta,2007-10-16 12:00:00,7.581314896240778
GBM_Delta,2007-11-16 00:00:00,6.87153367636073
GBM_Delta,2007-12-16 12:00:00,1.5102092802806173
GBM_Delta,2008-01-16 12:00:00,-5.110831166509434
GBM_Delta,2008-02-15 12:00:00,-7.834685262816239
GBM_Delta,2008-03-16 12:00:00,-3.6818287108747874
GBM_Delta,2008-04-16 00:00:00,-1.8772265073536658
GBM_Delta,2008-05-16 12:00:00,-2.8721605925237865
GBM_Delta,2008-06-16 00:00:00,-1.5383341931820003
GBM_Delta,2008-07-16 12:00:00,8.84720831195864
GBM_Delta,2008-08-16 12:00:00,12.961806951299016
GBM_Delta,2008-09-16 00:00:00,12.906511497014945
GBM_Delta,2008-10-16 12:00:00,9.577260340195911
GBM_Delta,2008-11-16 00:00:00,1.719598210367219
GBM_Delta,2008-12-16 12:00:00,-2.949756068478105
GBM_Delta,2009-01-16 12:00:00,-6.143128156906643
GBM_Delta,2009-02-15 00:00:00,-9.14570253511725
GBM_Delta,2009-03-16 12:00:00,-9.290674818387133
GBM_Delta,2009-04-16 00:00:00,-9.59446846457588
GBM_Delta,2009-05-16 12:00:00,-7.435852016822084
GBM_Delta,2009-06-16 00:00:00,-0.596901196294664
GBM_Delta,2009-07-16 12:00:00,0.635241506624408
GBM_Delta,2009-08-16 12:00:00,7.477413009014287
GBM_Delta,2009-09-16 00:00:00,8.41604992355906
GBM_Delta,2009-10-16 12:00:00,5.5980942355624785
GBM_Delta,2009-11-16 00:00:00,-2.494005095566869
GBM_Delta,2009-12-16 12:00:00,-5.279670672197411
GBM_Delta,2010-01-16 12:00:00,-7.615189818291086
GBM_Delta,2010-02-15 00:00:00,-11.181041923236807
GBM_Delta,2010-03-16 12:00:00,-16.134835977888013
GBM_Delta,2010-04-16 00:00:00,-13.408794896387585
GBM_Delta,2010-05-16 12:00:00,-7.537840782902561
GBM_Delta,2010-06-16 00:00:00,0.3044358355014886
GBM_Delta,2010-07-16 12:00:00,5.231266294875233
GBM_Delta,2010-08-16 12:00:00,3.592905949925733
GBM_Delta,2010-09-16 00:00:00,4.222150163312486
GBM_Delta,2010-10-16 12:00:00,9.539752885978281
GBM_Delta,2010-11-16 00:00:00,1.4761546261516705
GBM_Delta,2010-12-14 12:00:00,1.6956710120059715
GBM_Delta,2011-02-18 12:00:00,-13.650130475570126
GBM_Delta,2011-03-16 12:00:00,-10.098362263025248
GBM_Delta,2011-04-16 00:00:00,-10.927792524273583
GBM_Delta,2011-05-16 12:00:00,-7.496561100528889
GBM_Delta,2011-07-18 12:00:00,5.248322219792296
GBM_Delta,2011-08-16 12:00:00,7.037774897614624
GBM_Delta,2011-09-16 00:00:00,6.498528061409301
GBM_Delta,2011-10-16 12:00:00,5.689141092752021
GBM_Delta,2011-11-01 12:00:00,0.1577711836525752
GBM_Delta,2012-01-01 00:00:00,-5.352421221123654
GBM_Delta,2012-01-16 12:00:00,-6.012913672048714
GBM_Delta,2012-02-15 12:00:00,-7.051619194449075
GBM_Delta,2012-03-16 12:00:00,-12.971513659101747
GBM_Delta,2012-04-04 12:00:00,-8.06256009672295
GBM_Delta,2012-06-16 00:00:00,-1.0678428809763174
GBM_Delta,2012-07-16 12:00:00,3.815880752787252
GBM_Delta,2012-08-16 12:00:00,9.935004364432054
GBM_Delta,2012-09-13 00:00:00,8.628704321401878
GBM_Delta,2012-11-18 12:00:00,-1.0055131081051851
GBM_Delta,2012-12-16 12:00:00,-5.00193135616912
GBM_Delta,2013-01-16 12:00:00,-6.739397660231726
GBM_Delta,2013-02-14 00:00:00,-7.044588607849612
GBM_Delta,2013-04-21 00:00:00,-13.873778080424241
GBM_Delta,2013-05-16 12:00:00,-6.273358744925896
GBM_Delta,2013-06-16 00:00:00,2.5686209758497243
GBM_Delta,2013-07-16 12:00:00,7.138527913601784
GBM_Delta,2013-10-16 12:00:00,7.102682893819644
GBM_Delta,2013-11-16 00:00:00,-2.0682112677394393
GBM_Delta,2013-12-16 12:00:00,-5.228972674548033
GBM_Delta,2014-01-09 12:00:00,-8.197475992080301
GBM_Delta,2014-03-16 12:00:00,-19.4125367466793
GBM_Delta,2014-04-16 00:00:00,-18.817796603860625
GBM_Delta,2014-05-16 12:00:00,-9.608161395580971
GBM_Delta,2014-06-13 00:00:00,-7.475579168330105
GBM_Delta,2014-08-16 12:00:00,7.140170944733766
GBM_Delta,2014-09-16 00:00:00,4.762650963729333
GBM_Delta,2014-10-16 12:00:00,2.6640252965912796
GBM_Delta,2014-11-17 00:00:00,0.1755165742275638
GBM_Delta,2015-01-22 12:00:00,-2.323286058993143
GBM_Delta,2015-02-15 00:00:00,-12.126411146169783
GBM_Delta,2015-03-16 12:00:00,-14.997218727582418
GBM_Delta,2015-04-16 00:00:00,-13.072883551918933
GBM_Delta,2015-04-27 00:00:00,-12.138903297449321
GBM_Delta,2015-07-15 12:00:00,6.82080336709386
GBM_Delta,2015-08-16 12:00:00,9.162583235380627
GBM_Delta,2015-09-14 12:00:00,8.434943642019057
GBM_Delta,2015-12-23 12:00:00,-6.421912138652471
GBM_Delta,2016-01-16 12:00:00,-5.425432590777824
GBM_Delta,2016-02-14 00:00:00,-8.753430318750066
GBM_Delta,2016-03-16 12:00:00,-14.90338871640065
GBM_Delta,2016-05-20 00:00:00,-7.874751696718799
GBM_Delta,2016-06-16 00:00:00,1.926644517694828
GBM_Delta,2016-07-15 12:00:00,8.130977316728838
GBM_Delta,2016-08-21 12:00:00,10.334061261233495
GBM_Delta,2016-11-27 12:00:00,-1.1589367168182212
GBM_Delta,2016-12-24 12:00:00,-5.853368630814642
GBM_Delta,2017-01-21 00:00:00,-9.747324317033428
GBM_Delta,2017-03-31 12:00:00,-15.23521393456845
GBM_Delta,2017-04-24 12:00:00,-10.556696883767573
GBM_Delta,2017-05-12 12:00:00,-9.385560827362285
GBM_Delta,2017-06-11 00:00:00,-3.9774011775271414
GBM_Delta,2018-06-16 00:00:00,-5.498281045464709
GBM_Delta,2018-07-10 00:00:00,-0.22134346693672474
GBM_Delta,2018-10-31 12:00:00,1.1421781097639765
GBM_Delta,2018-11-16 00:00:00,-1.9782765807138893
GBM_Delta,2018-12-16 12:00:00,-6.480834850554264
GBM_Delta,2019-01-16 12:00:00,-10.504534223341908
GBM_Delta,2019-02-14 00:00:00,-12.435207002127566
GBM_Delta,2019-03-16 12:00:00,-11.61359331093202
GBM_Delta,2019-04-16 00:00:00,-12.369563446097166
GBM_Delta,2019-05-16 12:00:00,-11.453338949192377
GBM_Delta,2019-06-16 00:00:00,-6.644033610192513
GBM_Delta,2019-07-16 12:00:00,0.5783162808185783
GBM_Delta,2019-08-16 12:00:00,5.847905619032523
GBM_Delta,2019-09-16 00:00:00,3.6185848985552114
GBM_Delta,2019-10-16 12:00:00,-1.1633072575371077
GBM_Delta,2019-11-16 00:00:00,-4.394784612508821
GBM_Delta,2019-12-16 12:00:00,-7.795087891415054
GBM_Delta,2020-01-16 12:00:00,-10.291327897597025
GBM_Delta,2020-02-15 12:00:00,-10.021811822251896
GBM_Delta,2020-03-16 12:00:00,-14.220594959711649
GBM_Delta,2020-04-16 00:00:00,-13.28666887332323
GBM_Delta,2020-05-16 12:00:00,-7.594485930288535
GBM_Delta,2020-06-16 00:00:00,-0.9077254538479629
GBM_Delta,2020-07-16 12:00:00,8.657902975852108
GBM_Delta,2020-08-16 12:00:00,9.398222658578918
GBM_Delta,2020-09-16 00:00:00,5.103902757526358
GBM_Delta,2020-10-16 12:00:00,7.786226988183301
GBM_Delta,2020-11-16 00:00:00,5.534145674980997
GBM_Delta,2020-12-16 12:00:00,0.4092811597820548
GBM_Delta,2021-01-16 12:00:00,-5.816966225128003
GBM_Delta,2021-02-15 00:00:00,-11.369104917175681
GBM_Delta,2021-03-16 12:00:00,-13.302650129886178
GBM_Delta,2021-04-16 00:00:00,-14.769303131350611
GBM_Delta,2021-05-16 12:00:00,-7.569081219047039
GBM_Delta,2021-06-16 00:00:00,0.693691118978301
GBM_Delta,2021-07-16 12:00:00,5.558734034877837
GBM_Delta,2021-08-16 12:00:00,9.765949873184438
GBM_Delta,2021-09-16 00:00:00,9.37490356400296
GBM_Delta,2021-10-16 12:00:00,8.67765014975389
GBM_Delta,2021-11-16 00:00:00,7.15610243551076
GBM_Delta,2021-12-16 12:00:00,0.8976229344225813
GBM_Delta,2022-01-16 12:00:00,-9.41802656780875
GBM_Delta,2022-02-15 00:00:00,-7.486812759694975
GBM_Delta,2022-03-16 12:00:00,-8.696854921059916
GBM_Delta,2022-04-16 00:00:00,-6.57410017449963
GBM_Delta,2022-05-16 12:00:00,-2.4255975206220404
GBM_Delta,2022-06-16 00:00:00,-3.9743301073549993
GBM_Delta,2022-07-16 12:00:00,4.0458258915877785
GBM_Delta,2022-08-16 12:00:00,4.122902670355445
GBM_Delta,2022-09-16 00:00:00,9.153738840492146
GBM_Delta,2022-10-16 12:00:00,-1.2478957629907899
GBM_Delta,2022-11-16 00:00:00,-1.262557303685181
GBM_Delta,2022-12-16 12:00:00,-6.287888474507232
GBM_Delta,2023-01-16 12:00:00,-10.676592569178846
GBM_Delta,2023-02-15 00:00:00,-11.7825517940882
GBM_Delta,2023-03-16 12:00:00,-15.481452432113091
GBM_Delta,2023-04-16 00:00:00,-20.241839984998915
GBM_Delta,2023-05-16 12:00:00,-15.985914252346323
GBM_Delta,2023-06-16 00:00:00,-11.123621364220956
GBM_Delta,2023-07-16 12:00:00,-5.036076830822802
GBM_Delta,2023-08-16 12:00:00,3.2198921892201273
GBM_Delta,2023-09-16 00:00:00,-0.007666596412026053
GBM_Delta,2023-10-16 12:00:00,-5.931572007928539
GBM_Delta,2023-11-16 00:00:00,-10.186845288603312
GBM_Delta,2023-12-16 12:00:00,-12.342414598148142
GBM_Delta,2024-01-16 12:00:00,-13.85700645126837
GBM_Delta,2024-02-15 12:00:00,-10.905363975127239
GBM_Delta,2024-03-16 12:00:00,-16.285533527660405
GBM_Delta,2024-04-16 00:00:00,-19.061867805670047
GBM_Delta,2024-05-16 12:00:00,-12.365966742065028
GBM_Delta,2024-06-16 00:00:00,-2.4792222509439354
GBM_Delta,2024-07-16 12:00:00,1.346425521073819
GBM_Delta,2024-08-16 12:00:00,3.410558633838061
GBM_Delta,2024-09-16 00:00:00,1.8574400869922612
GBM_Delta,2024-10-16 12:00:00,2.8793241341860134
GBM_Delta,2024-11-16 00:00:00,-0.8337440628089302
GBM_Delta,2024-12-16 12:00:00,-4.054004214654631
GBM_Delta,2025-01-16 12:00:00,-7.9804303081589705
GBM_Delta,2025-02-15 00:00:00,-15.601598138908605
GBM_Delta,2025-03-16 12:00:00,-18.31660806003929
GBM_Delta,2025-04-16 00:00:00,-12.217969775532989
GBM_Delta,2025-05-16 12:00:00,-8.53384668341215
GBM_Delta,2025-06-16 12:00:00,4.10213644071623
GBM_Delta,2025-07-16 12:00:00,6.046358647600328
GBM_Delta,2025-08-16 12:00:00,8.615012221788342
GBM_Delta,2025-09-16 00:00:00,10.022119166781081
GBM_Delta,2025-10-16 12:00:00,6.858199185229019
GBM_Delta,2025-11-16 00:00:00,0.16599344692192483
GBM_Delta,2025-12-16 12:00:00,-6.207435676385545
GBM_Delta,2026-01-16 12:00:00,-10.938216470037114
GBM_Delta,2026-02-15 00:00:00,-14.295836688640104
GBM_Delta,2026-03-16 12:00:00,-13.710353574387975
Meghna_Floodplain,2002-04-17 12:00:00,-12.775549808087762
Meghna_Floodplain,2002-05-10 12:00:00,-7.727159480050031
Meghna_Floodplain,2002-08-16 12:00:00,37.525854986909074
Meghna_Floodplain,2002-09-16 00:00:00,22.275677418908735
Meghna_Floodplain,2002-10-16 12:00:00,18.661591228675103
Meghna_Floodplain,2002-11-16 00:00:00,1.0158327769680857
Meghna_Floodplain,2002-12-16 12:00:00,-6.4744635238147925
Meghna_Floodplain,2003-01-16 12:00:00,-9.959745174264427
Meghna_Floodplain,2003-02-15 00:00:00,-17.831850827686058
Meghna_Floodplain,2003-03-16 12:00:00,-25.253255905688782
Meghna_Floodplain,2003-04-16 00:00:00,-16.45578316403244
Meghna_Floodplain,2003-05-11 12:00:00,-12.508105025041866
Meghna_Floodplain,2003-07-16 12:00:00,29.27524133910921
Meghna_Floodplain,2003-08-16 12:00:00,25.357166851131105
Meghna_Floodplain,2003-09-16 00:00:00,24.51268337273633
Meghna_Floodplain,2003-10-16 00:00:00,18.59200234574303
Meghna_Floodplain,2003-11-16 00:00:00,4.616162909378055
Meghna_Floodplain,2003-12-16 12:00:00,-4.945633805635039
Meghna_Floodplain,2004-01-07 12:00:00,-13.769981210895335
Meghna_Floodplain,2004-02-17 00:00:00,-15.594525814678418
Meghna_Floodplain,2004-03-16 12:00:00,-27.417345519958477
Meghna_Floodplain,2004-04-16 00:00:00,-19.193278157058042
Meghna_Floodplain,2004-05-16 12:00:00,-4.343158516256325
Meghna_Floodplain,2004-06-16 00:00:00,2.939344712283431
Meghna_Floodplain,2004-07-16 12:00:00,41.45096967507363
Meghna_Floodplain,2004-08-16 12:00:00,35.90358920350231
Meghna_Floodplain,2004-09-16 00:00:00,36.313559324258065
Meghna_Floodplain,2004-10-16 12:00:00,33.1147982718192
Meghna_Floodplain,2004-11-16 00:00:00,7.058126194431416
Meghna_Floodplain,2004-12-16 12:00:00,-13.57501971574048
Meghna_Floodplain,2005-01-16 12:00:00,-20.144853282652754
Meghna_Floodplain,2005-02-15 00:00:00,-21.106483160479772
Meghna_Floodplain,2005-03-16 12:00:00,-19.96710934528915
Meghna_Floodplain,2005-04-16 00:00:00,-19.403296015611552
Meghna_Floodplain,2005-05-16 12:00:00,-17.816846420202662
Meghna_Floodplain,2005-06-16 00:00:00,-4.15618926604441
Meghna_Floodplain,2005-07-16 12:00:00,14.34427652893184
Meghna_Floodplain,2005-08-16 12:00:00,24.972429525484426
Meghna_Floodplain,2005-09-16 00:00:00,21.924189011361204
Meghna_Floodplain,2005-10-16 12:00:00,17.34929097268104
Meghna_Floodplain,2005-11-16 00:00:00,3.0067769150219164
Meghna_Floodplain,2005-12-16 12:00:00,-6.234664752492845
Meghna_Floodplain,2006-01-16 12:00:00,-15.431478020935753
Meghna_Floodplain,2006-02-15 00:00:00,-20.313102908349123
Meghna_Floodplain,2006-03-16 12:00:00,-26.73070661331626
Meghna_Floodplain,2006-04-16 00:00:00,-33.090054154280224
Meghna_Floodplain,2006-05-16 12:00:00,-29.886575075829032
Meghna_Floodplain,2006-06-16 00:00:00,5.097213005034028
Meghna_Floodplain,2006-07-16 12:00:00,17.19874020091059
Meghna_Floodplain,2006-08-16 12:00:00,14.271633360591775
Meghna_Floodplain,2006-09-16 00:00:00,17.147340711791788
Meghna_Floodplain,2006-10-16 12:00:00,12.842092336350154
Meghna_Floodplain,2006-11-16 00:00:00,-5.331134265441049
Meghna_Floodplain,2006-12-16 12:00:00,-7.325203666086469
Meghna_Floodplain,2007-01-16 12:00:00,-20.61259706887114
Meghna_Floodplain,2007-02-15 00:00:00,-20.69598934650941
Meghna_Floodplain,2007-03-16 12:00:00,-27.783354130462673
Meghna_Floodplain,2007-04-16 00:00:00,-21.691131120435703
Meghna_Floodplain,2007-05-16 12:00:00,-16.843153312936938
Meghna_Floodplain,2007-06-16 00:00:00,12.987809605605504
Meghna_Floodplain,2007-07-16 12:00:00,33.16161534642082
Meghna_Floodplain,2007-08-16 12:00:00,43.94177022663832
Meghna_Floodplain,2007-09-16 00:00:00,38.46257384089175
Meghna_Floodplain,2007-10-16 12:00:00,24.853266705297983
Meghna_Floodplain,2007-11-16 00:00:00,6.537918320386141
Meghna_Floodplain,2007-12-16 12:00:00,2.6181621421495387
Meghna_Floodplain,2008-01-16 12:00:00,-11.730568716357764
Meghna_Floodplain,2008-02-15 12:00:00,-13.627168628931377
Meghna_Floodplain,2008-03-16 12:00:00,-14.232377012549174
Meghna_Floodplain,2008-04-16 00:00:00,-16.001495654987057
Meghna_Floodplain,2008-05-16 12:00:00,-13.632666754578173
Meghna_Floodplain,2008-06-16 00:00:00,0.9748219817578064
Meghna_Floodplain,2008-07-16 12:00:00,29.60571053675801
Meghna_Floodplain,2008-08-16 12:00:00,31.872204661771452
Meghna_Floodplain,2008-09-16 00:00:00,35.317201463400515
Meghna_Floodplain,2008-10-16 12:00:00,20.369011638293408
Meghna_Floodplain,2008-11-16 00:00:00,-3.5419954219271568
Meghna_Floodplain,2008-12-16 12:00:00,-13.755898815989072
Meghna_Floodplain,2009-01-16 12:00:00,-14.939946671399094
Meghna_Floodplain,2009-02-15 00:00:00,-20.38244963415995
Meghna_Floodplain,2009-03-16 12:00:00,-23.07773979196205
Meghna_Floodplain,2009-04-16 00:00:00,-26.81684834855201
Meghna_Floodplain,2009-05-16 12:00:00,-24.983575038165167
Meghna_Floodplain,2009-06-16 00:00:00,-8.760776869167382
Meghna_Floodplain,2009-07-16 12:00:00,8.26643897660265
Meghna_Floodplain,2009-08-16 12:00:00,28.226883219782444
Meghna_Floodplain,2009-09-16 00:00:00,22.892939062006132
Meghna_Floodplain,2009-10-16 12:00:00,14.372298175974935
Meghna_Floodplain,2009-11-16 00:00:00,3.8868644542272657
Meghna_Floodplain,2009-12-16 12:00:00,-9.341122087952085
Meghna_Floodplain,2010-01-16 12:00:00,-10.128859598836636
Meghna_Floodplain,2010-02-15 00:00:00,-18.181134022108036
Meghna_Floodplain,2010-03-16 12:00:00,-27.68659254166602
Meghna_Floodplain,2010-04-16 00:00:00,-15.477542952043693
Meghna_Floodplain,2010-05-16 12:00:00,-7.138388939976904
Meghna_Floodplain,2010-06-16 00:00:00,12.41311677080576
Meghna_Floodplain,2010-07-16 12:00:00,27.874546724690326
Meghna_Floodplain,2010-08-16 12:00:00,26.26083579211302
Meghna_Floodplain,2010-09-16 00:00:00,27.919973885479774
Meghna_Floodplain,2010-10-16 12:00:00,26.138486403079035
Meghna_Floodplain,2010-11-16 00:00:00,7.973873443413969
Meghna_Floodplain,2010-12-14 12:00:00,-4.1214249097528945
Meghna_Floodplain,2011-02-18 12:00:00,-26.583745961306942
Meghna_Floodplain,2011-03-16 12:00:00,-18.748315554011036
Meghna_Floodplain,2011-04-16 00:00:00,-25.274683879965988
Meghna_Floodplain,2011-05-16 12:00:00,-19.938912406109214
Meghna_Floodplain,2011-07-18 12:00:00,20.154754205816776
Meghna_Floodplain,2011-08-16 12:00:00,34.51265830241635
Meghna_Floodplain,2011-09-16 00:00:00,28.854319828925618
Meghna_Floodplain,2011-10-16 12:00:00,19.9795901287009
Meghna_Floodplain,2011-11-01 12:00:00,8.897888726889615
Meghna_Floodplain,2012-01-01 00:00:00,-12.29187428568514
Meghna_Floodplain,2012-01-16 12:00:00,-14.080138282319291
Meghna_Floodplain,2012-02-15 12:00:00,-17.35798446944643
Meghna_Floodplain,2012-03-16 12:00:00,-26.926871438496928
Meghna_Floodplain,2012-04-04 12:00:00,-26.408330898561854
Meghna_Floodplain,2012-06-16 00:00:00,2.0759091492695547
Meghna_Floodplain,2012-07-16 12:00:00,23.591872044668573
Meghna_Floodplain,2012-08-16 12:00:00,32.055055893502406
Meghna_Floodplain,2012-09-13 00:00:00,30.181692872870595
Meghna_Floodplain,2012-11-18 12:00:00,2.3896037969788475
Meghna_Floodplain,2012-12-16 12:00:00,-5.508744465612488
Meghna_Floodplain,2013-01-16 12:00:00,-10.702805782828548
Meghna_Floodplain,2013-02-14 00:00:00,-14.219354126652826
Meghna_Floodplain,2013-04-21 00:00:00,-30.327810114686123
Meghna_Floodplain,2013-05-16 12:00:00,-14.45159371194109
Meghna_Floodplain,2013-06-16 00:00:00,6.54475841482038
Meghna_Floodplain,2013-07-16 12:00:00,17.49521892865446
Meghna_Floodplain,2013-10-16 12:00:00,16.993297543867982
Meghna_Floodplain,2013-11-16 00:00:00,0.31055544015925035
Meghna_Floodplain,2013-12-16 12:00:00,-10.170079370597303
Meghna_Floodplain,2014-01-09 12:00:00,-18.781500742474663
Meghna_Floodplain,2014-03-16 12:00:00,-32.59959398941989
Meghna_Floodplain,2014-04-16 00:00:00,-33.75535050989089
Meghna_Floodplain,2014-05-16 12:00:00,-29.02055019744466
Meghna_Floodplain,2014-06-13 00:00:00,-13.063820871409407
Meghna_Floodplain,2014-08-16 12:00:00,23.998787923982484
Meghna_Floodplain,2014-09-16 00:00:00,32.700815324455654
Meghna_Floodplain,2014-10-16 12:00:00,17.93829936519567
Meghna_Floodplain,2014-11-17 00:00:00,2.825564750584779
Meghna_Floodplain,2015-01-22 12:00:00,-12.554713795430436
Meghna_Floodplain,2015-02-15 00:00:00,-22.220250353751265
Meghna_Floodplain,2015-03-16 12:00:00,-41.86427810589333
Meghna_Floodplain,2015-04-16 00:00:00,-28.50485244545037
Meghna_Floodplain,2015-04-27 00:00:00,-31.146235899897505
Meghna_Floodplain,2015-07-15 12:00:00,27.22303249560792
Meghna_Floodplain,2015-08-16 12:00:00,35.50280198497519
Meghna_Floodplain,2015-09-14 12:00:00,39.80182527552914
Meghna_Floodplain,2015-12-23 12:00:00,-2.6308954834500393
Meghna_Floodplain,2016-01-16 12:00:00,-23.821733521949334
Meghna_Floodplain,2016-02-14 00:00:00,-20.56750943793217
Meghna_Floodplain,2016-03-16 12:00:00,-24.799074259964787
Meghna_Floodplain,2016-05-20 00:00:00,-13.979510883139515
Meghna_Floodplain,2016-06-16 00:00:00,1.0051424092615118
Meghna_Floodplain,2016-07-15 12:00:00,25.414933503732023
Meghna_Floodplain,2016-08-21 12:00:00,24.29921843964396
Meghna_Floodplain,2016-11-27 12:00:00,2.7272735719597234
Meghna_Floodplain,2016-12-24 12:00:00,-14.3516063696123
Meghna_Floodplain,2017-01-21 00:00:00,-11.349752265889467
Meghna_Floodplain,2017-03-31 12:00:00,-15.089899113490388
Meghna_Floodplain,2017-04-24 12:00:00,-10.602702106140773
Meghna_Floodplain,2017-05-12 12:00:00,-7.77626167435497
Meghna_Floodplain,2017-06-11 00:00:00,-0.14119836141541045
Meghna_Floodplain,2018-06-16 00:00:00,7.489524904531716
Meghna_Floodplain,2018-07-10 00:00:00,22.963774897376073
Meghna_Floodplain,2018-10-31 12:00:00,6.1618877131784044
Meghna_Floodplain,2018-11-16 00:00:00,-0.22862394868114017
Meghna_Floodplain,2018-12-16 12:00:00,-5.231934632035737
Meghna_Floodplain,2019-01-16 12:00:00,-10.13184283505625
Meghna_Floodplain,2019-02-14 00:00:00,-19.453623852806135
Meghna_Floodplain,2019-03-16 12:00:00,-18.342411356391096
Meghna_Floodplain,2019-04-16 00:00:00,-18.183574341387466
Meghna_Floodplain,2019-05-16 12:00:00,-14.181378365437833
Meghna_Floodplain,2019-06-16 00:00:00,2.538919131964275
Meghna_Floodplain,2019-07-16 12:00:00,28.379259357226054
Meghna_Floodplain,2019-08-16 12:00:00,30.75803642188294
Meghna_Floodplain,2019-09-16 00:00:00,23.05481666050556
Meghna_Floodplain,2019-10-16 12:00:00,24.312972568666602
Meghna_Floodplain,2019-11-16 00:00:00,13.396055159451123
Meghna_Floodplain,2019-12-16 12:00:00,5.161746224799315
Meghna_Floodplain,2020-01-16 12:00:00,-5.938372245266936
Meghna_Floodplain,2020-02-15 12:00:00,-14.014236590061937
Meghna_Floodplain,2020-03-16 12:00:00,-17.820279877464767
Meghna_Floodplain,2020-04-16 00:00:00,-18.770238640228687
Meghna_Floodplain,2020-05-16 12:00:00,-7.569775041037501
Meghna_Floodplain,2020-06-16 00:00:00,13.425371159217772
Meghna_Floodplain,2020-07-16 12:00:00,45.86517046631269
Meghna_Floodplain,2020-08-16 12:00:00,37.334974874029115
Meghna_Floodplain,2020-09-16 00:00:00,30.967678139889212
Meghna_Floodplain,2020-10-16 12:00:00,39.14120665358267
Meghna_Floodplain,2020-11-16 00:00:00,21.124439227397747
Meghna_Floodplain,2020-12-16 12:00:00,4.318728169948093
Meghna_Floodplain,2021-01-16 12:00:00,-5.444111891950841
Meghna_Floodplain,2021-02-15 00:00:00,-10.423017454406052
Meghna_Floodplain,2021-03-16 12:00:00,-15.71791528848234
Meghna_Floodplain,2021-04-16 00:00:00,-22.870950100129626
Meghna_Floodplain,2021-05-16 12:00:00,-12.288153022354711
Meghna_Floodplain,2021-06-16 00:00:00,6.33828733218203
Meghna_Floodplain,2021-07-16 12:00:00,21.51194208025055
Meghna_Floodplain,2021-08-16 12:00:00,40.57276437306334
Meghna_Floodplain,2021-09-16 00:00:00,34.285097978576715
Meghna_Floodplain,2021-10-16 12:00:00,27.078621011760564
Meghna_Floodplain,2021-11-16 00:00:00,14.113203406538434
Meghna_Floodplain,2021-12-16 12:00:00,4.625057139374644
Meghna_Floodplain,2022-01-16 12:00:00,-9.306209352186537
Meghna_Floodplain,2022-02-15 00:00:00,-0.0449474071804834
Meghna_Floodplain,2022-03-16 12:00:00,-12.96569435921601
Meghna_Floodplain,2022-04-16 00:00:00,-8.482118657651467
Meghna_Floodplain,2022-05-16 12:00:00,8.238349244131943
Meghna_Floodplain,2022-06-16 00:00:00,18.894065747320788
Meghna_Floodplain,2022-07-16 12:00:00,36.60376590179856
Meghna_Floodplain,2022-08-16 12:00:00,21.051652911891573
Meghna_Floodplain,2022-09-16 00:00:00,32.037042561025316
Meghna_Floodplain,2022-10-16 12:00:00,20.915520966936125
Meghna_Floodplain,2022-11-16 00:00:00,17.051463780113483
Meghna_Floodplain,2022-12-16 12:00:00,1.2706564271453018
Meghna_Floodplain,2023-01-16 12:00:00,-6.767590379658247
Meghna_Floodplain,2023-02-15 00:00:00,-7.430609015289647
Meghna_Floodplain,2023-03-16 12:00:00,-11.68607391960962
Meghna_Floodplain,2023-04-16 00:00:00,-19.830604519404563
Meghna_Floodplain,2023-05-16 12:00:00,-15.941151754614037
Meghna_Floodplain,2023-06-16 00:00:00,-1.7363864241103124
Meghna_Floodplain,2023-07-16 12:00:00,18.29452046211182
Meghna_Floodplain,2023-08-16 12:00:00,33.510060529823235
Meghna_Floodplain,2023-09-16 00:00:00,26.82998758888225
Meghna_Floodplain,2023-10-16 12:00:00,26.07219355582605
Meghna_Floodplain,2023-11-16 00:00:00,13.566299804230118
Meghna_Floodplain,2023-12-16 12:00:00,1.8009306683722361
Meghna_Floodplain,2024-01-16 12:00:00,-9.16432728219959
Meghna_Floodplain,2024-02-15 12:00:00,-4.8163471372956
Meghna_Floodplain,2024-03-16 12:00:00,-15.224036288679716
Meghna_Floodplain,2024-04-16 00:00:00,-23.363233452049474
Meghna_Floodplain,2024-05-16 12:00:00,-12.895720326949725
Meghna_Floodplain,2024-06-16 00:00:00,13.957087767490885
Meghna_Floodplain,2024-07-16 12:00:00,31.824173740633064
Meghna_Floodplain,2024-08-16 12:00:00,32.424343666967594
Meghna_Floodplain,2024-09-16 00:00:00,30.939201989207046
Meghna_Floodplain,2024-10-16 12:00:00,31.171185640508174
Meghna_Floodplain,2024-11-16 00:00:00,15.803617865384426
Meghna_Floodplain,2024-12-16 12:00:00,2.4489488137360635
Meghna_Floodplain,2025-01-16 12:00:00,-7.263051178048195
Meghna_Floodplain,2025-02-15 00:00:00,-9.145999271396928
Meghna_Floodplain,2025-03-16 12:00:00,-16.870566292121044
Meghna_Floodplain,2025-04-16 00:00:00,-10.888177760946272
Meghna_Floodplain,2025-05-16 12:00:00,-2.861424153697952
Meghna_Floodplain,2025-06-16 12:00:00,24.55225683361911
Meghna_Floodplain,2025-07-16 12:00:00,30.71613654596198
Meghna_Floodplain,2025-08-16 12:00:00,41.97150822113291
Meghna_Floodplain,2025-09-16 00:00:00,43.407455584693466
Meghna_Floodplain,2025-10-16 12:00:00,35.50973901554023
Meghna_Floodplain,2025-11-16 00:00:00,16.06782135656133
Meghna_Floodplain,2025-12-16 12:00:00,6.4535717549017315
Meghna_Floodplain,2026-01-16 12:00:00,5.069096417414249
Meghna_Floodplain,2026-02-15 00:00:00,-4.2130721939545035
Meghna_Floodplain,2026-03-16 12:00:00,-5.826552172758923
Eastern_Hills,2002-04-17 12:00:00,-14.483449081899247
Eastern_Hills,2002-05-10 12:00:00,-9.745645850718416
Eastern_Hills,2002-08-16 12:00:00,24.78000672245223
Eastern_Hills,2002-09-16 00:00:00,14.010027979291456
Eastern_Hills,2002-10-16 12:00:00,10.29048606638567
Eastern_Hills,2002-11-16 00:00:00,1.2406337807133938
Eastern_Hills,2002-12-16 12:00:00,-4.887013407904947
Eastern_Hills,2003-01-16 12:00:00,-9.19463521151194
Eastern_Hills,2003-02-15 00:00:00,-15.58674925223935
Eastern_Hills,2003-03-16 12:00:00,-19.06067114509857
Eastern_Hills,2003-04-16 00:00:00,-16.51898307125488
Eastern_Hills,2003-05-11 12:00:00,-11.659814526560531
Eastern_Hills,2003-07-16 12:00:00,20.087224484550216
Eastern_Hills,2003-08-16 12:00:00,18.110416467909005
Eastern_Hills,2003-09-16 00:00:00,17.984798392074943
Eastern_Hills,2003-10-16 00:00:00,16.934439946239976
Eastern_Hills,2003-11-16 00:00:00,4.860224532376373
Eastern_Hills,2003-12-16 12:00:00,-2.700100598979725
Eastern_Hills,2004-01-07 12:00:00,-7.852295727423094
Eastern_Hills,2004-02-17 00:00:00,-13.801014921085155
Eastern_Hills,2004-03-16 12:00:00,-19.331499639892186
Eastern_Hills,2004-04-16 00:00:00,-12.707587405414747
Eastern_Hills,2004-05-16 12:00:00,-3.7814059637042114
Eastern_Hills,2004-06-16 00:00:00,6.627984678928071
Eastern_Hills,2004-07-16 12:00:00,30.223924313301527
Eastern_Hills,2004-08-16 12:00:00,24.485018904691785
Eastern_Hills,2004-09-16 00:00:00,25.5890051389795
Eastern_Hills,2004-10-16 12:00:00,22.940155632225952
Eastern_Hills,2004-11-16 00:00:00,5.494750625563129
Eastern_Hills,2004-12-16 12:00:00,-7.117585189284525
Eastern_Hills,2005-01-16 12:00:00,-12.807129011761562
Eastern_Hills,2005-02-15 00:00:00,-14.49669896796391
Eastern_Hills,2005-03-16 12:00:00,-15.151673822789078
Eastern_Hills,2005-04-16 00:00:00,-13.58437371982281
Eastern_Hills,2005-05-16 12:00:00,-11.444817436955422
Eastern_Hills,2005-06-16 00:00:00,-3.3757112720224303
Eastern_Hills,2005-07-16 12:00:00,9.835369162931842
Eastern_Hills,2005-08-16 12:00:00,16.96999302779673
Eastern_Hills,2005-09-16 00:00:00,15.305372602920842
Eastern_Hills,2005-10-16 12:00:00,12.388375167566588
Eastern_Hills,2005-11-16 00:00:00,4.278847904205639
Eastern_Hills,2005-12-16 12:00:00,-2.5414338709529085
Eastern_Hills,2006-01-16 12:00:00,-11.103576166791695
Eastern_Hills,2006-02-15 00:00:00,-15.398661660248887
Eastern_Hills,2006-03-16 12:00:00,-20.139460364924584
Eastern_Hills,2006-04-16 00:00:00,-22.060612033484492
Eastern_Hills,2006-05-16 12:00:00,-18.510506914197226
Eastern_Hills,2006-06-16 00:00:00,3.601323437496233
Eastern_Hills,2006-07-16 12:00:00,12.470286255152464
Eastern_Hills,2006-08-16 12:00:00,11.273806462342131
Eastern_Hills,2006-09-16 00:00:00,11.333855311591256
Eastern_Hills,2006-10-16 12:00:00,7.399649681878753
Eastern_Hills,2006-11-16 00:00:00,-4.170013603103166
Eastern_Hills,2006-12-16 12:00:00,-8.313790712141413
Eastern_Hills,2007-01-16 12:00:00,-14.205865456495662
Eastern_Hills,2007-02-15 00:00:00,-15.881928363950575
Eastern_Hills,2007-03-16 12:00:00,-20.15383796354305
Eastern_Hills,2007-04-16 00:00:00,-16.44122780724674
Eastern_Hills,2007-05-16 12:00:00,-8.640528981300358
Eastern_Hills,2007-06-16 00:00:00,7.8877962209939945
Eastern_Hills,2007-07-16 12:00:00,21.89478405047717
Eastern_Hills,2007-08-16 12:00:00,27.952780700587535
Eastern_Hills,2007-09-16 00:00:00,26.436002192009006
Eastern_Hills,2007-10-16 12:00:00,16.91329394607255
Eastern_Hills,2007-11-16 00:00:00,8.433562618622874
Eastern_Hills,2007-12-16 12:00:00,0.9330184565762485
Eastern_Hills,2008-01-16 12:00:00,-6.631123231653766
Eastern_Hills,2008-02-15 12:00:00,-9.0965893686798
Eastern_Hills,2008-03-16 12:00:00,-10.973770674435972
Eastern_Hills,2008-04-16 00:00:00,-11.749946212523362
Eastern_Hills,2008-05-16 12:00:00,-9.638362136208535
Eastern_Hills,2008-06-16 00:00:00,0.3902129870513243
Eastern_Hills,2008-07-16 12:00:00,19.237749228630168
Eastern_Hills,2008-08-16 12:00:00,22.161438937388105
Eastern_Hills,2008-09-16 00:00:00,22.710089156166614
Eastern_Hills,2008-10-16 12:00:00,14.412020375648197
Eastern_Hills,2008-11-16 00:00:00,1.6230732799719023
Eastern_Hills,2008-12-16 12:00:00,-6.249300597045326
Eastern_Hills,2009-01-16 12:00:00,-10.864260035143072
Eastern_Hills,2009-02-15 00:00:00,-16.405324278227187
Eastern_Hills,2009-03-16 12:00:00,-16.35846666923753
Eastern_Hills,2009-04-16 00:00:00,-18.923275188549333
Eastern_Hills,2009-05-16 12:00:00,-16.115274246448255
Eastern_Hills,2009-06-16 00:00:00,-5.095997412904401
Eastern_Hills,2009-07-16 12:00:00,5.740545433311016
Eastern_Hills,2009-08-16 12:00:00,17.027528294130665
Eastern_Hills,2009-09-16 00:00:00,15.556294271962217
Eastern_Hills,2009-10-16 12:00:00,9.399948359408242
Eastern_Hills,2009-11-16 00:00:00,-0.8945685988895172
Eastern_Hills,2009-12-16 12:00:00,-6.918361190134357
Eastern_Hills,2010-01-16 12:00:00,-10.279232413380162
Eastern_Hills,2010-02-15 00:00:00,-16.86710536594115
Eastern_Hills,2010-03-16 12:00:00,-22.265741076965966
Eastern_Hills,2010-04-16 00:00:00,-13.52803475063897
Eastern_Hills,2010-05-16 12:00:00,-7.524239769542849
Eastern_Hills,2010-06-16 00:00:00,7.574867340968434
Eastern_Hills,2010-07-16 12:00:00,16.401251679689484
Eastern_Hills,2010-08-16 12:00:00,17.357120678967256
Eastern_Hills,2010-09-16 00:00:00,20.917709411309485
Eastern_Hills,2010-10-16 12:00:00,19.609632900825588
Eastern_Hills,2010-11-16 00:00:00,7.13227350127088
Eastern_Hills,2010-12-14 12:00:00,-1.4993795124127594
Eastern_Hills,2011-02-18 12:00:00,-17.721324715712175
Eastern_Hills,2011-03-16 12:00:00,-15.950141436975494
Eastern_Hills,2011-04-16 00:00:00,-16.02180002088979
Eastern_Hills,2011-05-16 12:00:00,-10.890242301977024
Eastern_Hills,2011-07-18 12:00:00,16.68127471439391
Eastern_Hills,2011-08-16 12:00:00,24.304155143241214
Eastern_Hills,2011-09-16 00:00:00,19.94754246891
Eastern_Hills,2011-10-16 12:00:00,15.583391394747991
Eastern_Hills,2011-11-01 12:00:00,9.244708013747601
Eastern_Hills,2012-01-01 00:00:00,-5.666920474377169
Eastern_Hills,2012-01-16 12:00:00,-7.33550616295314
Eastern_Hills,2012-02-15 12:00:00,-13.299859267483262
Eastern_Hills,2012-03-16 12:00:00,-18.727967778287702
Eastern_Hills,2012-04-04 12:00:00,-15.517971452886044
Eastern_Hills,2012-06-16 00:00:00,2.4802683769780773
Eastern_Hills,2012-07-16 12:00:00,15.372021385932968
Eastern_Hills,2012-08-16 12:00:00,17.693693638960937
Eastern_Hills,2012-09-13 00:00:00,20.265175374156275
Eastern_Hills,2012-11-18 12:00:00,2.2802331982880393
Eastern_Hills,2012-12-16 12:00:00,-5.909768478360215
Eastern_Hills,2013-01-16 12:00:00,-9.976954423040048
Eastern_Hills,2013-02-14 00:00:00,-14.042528313488718
Eastern_Hills,2013-04-21 00:00:00,-22.601853115668863
Eastern_Hills,2013-05-16 12:00:00,-9.826939874279214
Eastern_Hills,2013-06-16 00:00:00,3.9186714806536935
Eastern_Hills,2013-07-16 12:00:00,11.49541498586731
Eastern_Hills,2013-10-16 12:00:00,12.34226019939263
Eastern_Hills,2013-11-16 00:00:00,0.169228837151199
Eastern_Hills,2013-12-16 12:00:00,-7.495689553844532
Eastern_Hills,2014-01-09 12:00:00,-12.054606921129757
Eastern_Hills,2014-03-16 12:00:00,-25.052754115043935
Eastern_Hills,2014-04-16 00:00:00,-26.801946337188863
Eastern_Hills,2014-05-16 12:00:00,-20.583932090706234
Eastern_Hills,2014-06-13 00:00:00,-9.880910474749854
Eastern_Hills,2014-08-16 12:00:00,15.815364889534964
Eastern_Hills,2014-09-16 00:00:00,16.72435991989335
Eastern_Hills,2014-10-16 12:00:00,9.218168365543018
Eastern_Hills,2014-11-17 00:00:00,-0.9225555842584675
Eastern_Hills,2015-01-22 12:00:00,-11.599311852594067
Eastern_Hills,2015-02-15 00:00:00,-21.333476519618763
Eastern_Hills,2015-03-16 12:00:00,-33.16862420721068
Eastern_Hills,2015-04-16 00:00:00,-19.5760386535526
Eastern_Hills,2015-04-27 00:00:00,-20.297181994561722
Eastern_Hills,2015-07-15 12:00:00,14.48754925197812
Eastern_Hills,2015-08-16 12:00:00,20.76538227429179
Eastern_Hills,2015-09-14 12:00:00,24.22005755966201
Eastern_Hills,2015-12-23 12:00:00,-4.876302324827293
Eastern_Hills,2016-01-16 12:00:00,-21.002462017372544
Eastern_Hills,2016-02-14 00:00:00,-17.20905554155972
Eastern_Hills,2016-03-16 12:00:00,-17.62318690199739
Eastern_Hills,2016-05-20 00:00:00,-8.138389439958358
Eastern_Hills,2016-06-16 00:00:00,4.704021941028947
Eastern_Hills,2016-07-15 12:00:00,19.514198662050816
Eastern_Hills,2016-08-21 12:00:00,18.56523265986237
Eastern_Hills,2016-11-27 12:00:00,2.422717753163253
Eastern_Hills,2016-12-24 12:00:00,-7.810925973905371
Eastern_Hills,2017-01-21 00:00:00,-8.687237411134904
Eastern_Hills,2017-03-31 12:00:00,-14.577684299937614
Eastern_Hills,2017-04-24 12:00:00,-8.80778651490087
Eastern_Hills,2017-05-12 12:00:00,-7.499185328755097
Eastern_Hills,2017-06-11 00:00:00,0.42307093194116374
Eastern_Hills,2018-06-16 00:00:00,6.161353578355192
Eastern_Hills,2018-07-10 00:00:00,14.983872510757593
Eastern_Hills,2018-10-31 12:00:00,4.390896273952081
Eastern_Hills,2018-11-16 00:00:00,1.2587982921727612
Eastern_Hills,2018-12-16 12:00:00,-5.34525284128299
Eastern_Hills,2019-01-16 12:00:00,-10.706107287954387
Eastern_Hills,2019-02-14 00:00:00,-17.667755528739928
Eastern_Hills,2019-03-16 12:00:00,-17.141024395666488
Eastern_Hills,2019-04-16 00:00:00,-16.83237509559425
Eastern_Hills,2019-05-16 12:00:00,-13.58423969741966
Eastern_Hills,2019-06-16 00:00:00,-4.7712066620072955
Eastern_Hills,2019-07-16 12:00:00,14.490914358649968
Eastern_Hills,2019-08-16 12:00:00,16.70820160955239
Eastern_Hills,2019-09-16 00:00:00,13.38960232805183
Eastern_Hills,2019-10-16 12:00:00,11.685823312415774
Eastern_Hills,2019-11-16 00:00:00,4.016632286249721
Eastern_Hills,2019-12-16 12:00:00,-3.807408991362258
Eastern_Hills,2020-01-16 12:00:00,-7.941637656245485
Eastern_Hills,2020-02-15 12:00:00,-15.105688010490006
Eastern_Hills,2020-03-16 12:00:00,-17.486852209424256
Eastern_Hills,2020-04-16 00:00:00,-18.21901345908943
Eastern_Hills,2020-05-16 12:00:00,-10.498280086309277
Eastern_Hills,2020-06-16 00:00:00,6.709210964560183
Eastern_Hills,2020-07-16 12:00:00,24.76671656116672
Eastern_Hills,2020-08-16 12:00:00,22.884583119398172
Eastern_Hills,2020-09-16 00:00:00,18.578659871590133
Eastern_Hills,2020-10-16 12:00:00,22.26458261461655
Eastern_Hills,2020-11-16 00:00:00,9.19891410406799
Eastern_Hills,2020-12-16 12:00:00,-0.8578618448482525
Eastern_Hills,2021-01-16 12:00:00,-7.553820173200671
Eastern_Hills,2021-02-15 00:00:00,-13.025835897691351
Eastern_Hills,2021-03-16 12:00:00,-17.996579645922086
Eastern_Hills,2021-04-16 00:00:00,-20.009743791792662
Eastern_Hills,2021-05-16 12:00:00,-15.063360297782484
Eastern_Hills,2021-06-16 00:00:00,-0.8604597843499247
Eastern_Hills,2021-07-16 12:00:00,9.32107413136402
Eastern_Hills,2021-08-16 12:00:00,21.45483125503403
Eastern_Hills,2021-09-16 00:00:00,19.43464011802027
Eastern_Hills,2021-10-16 12:00:00,15.502331116198732
Eastern_Hills,2021-11-16 00:00:00,7.6768859577275705
Eastern_Hills,2021-12-16 12:00:00,-0.7065703054143148
Eastern_Hills,2022-01-16 12:00:00,-10.920406987367853
Eastern_Hills,2022-02-15 00:00:00,-10.18535761088074
Eastern_Hills,2022-03-16 12:00:00,-15.35482364719588
Eastern_Hills,2022-04-16 00:00:00,-14.24172335234028
Eastern_Hills,2022-05-16 12:00:00,-1.3142834851191028
Eastern_Hills,2022-06-16 00:00:00,8.466335560126614
Eastern_Hills,2022-07-16 12:00:00,18.047681082795286
Eastern_Hills,2022-08-16 12:00:00,9.21376905828719
Eastern_Hills,2022-09-16 00:00:00,17.234126872636242
Eastern_Hills,2022-10-16 12:00:00,14.870051177452563
Eastern_Hills,2022-11-16 00:00:00,4.427157186383492
Eastern_Hills,2022-12-16 12:00:00,-6.11179797252029
Eastern_Hills,2023-01-16 12:00:00,-11.124455199774825
Eastern_Hills,2023-02-15 00:00:00,-14.057605301353595
Eastern_Hills,2023-03-16 12:00:00,-16.561561870284425
Eastern_Hills,2023-04-16 00:00:00,-21.000038248143333
Eastern_Hills,2023-05-16 12:00:00,-17.871377161866278
Eastern_Hills,2023-06-16 00:00:00,-7.569806492888415
Eastern_Hills,2023-07-16 12:00:00,6.274198334568116
Eastern_Hills,2023-08-16 12:00:00,16.288574797364873
Eastern_Hills,2023-09-16 00:00:00,13.320577500877633
Eastern_Hills,2023-10-16 12:00:00,10.095633951265357
Eastern_Hills,2023-11-16 00:00:00,0.9839857603724917
Eastern_Hills,2023-12-16 12:00:00,-6.171417191602397
Eastern_Hills,2024-01-16 12:00:00,-13.482949568251177
Eastern_Hills,2024-02-15 12:00:00,-12.863783143403207
Eastern_Hills,2024-03-16 12:00:00,-19.516666357846
Eastern_Hills,2024-04-16 00:00:00,-21.912661082880966
Eastern_Hills,2024-05-16 12:00:00,-14.399593286665873
Eastern_Hills,2024-06-16 00:00:00,3.2126920650628406
Eastern_Hills,2024-07-16 12:00:00,17.681082850562408
Eastern_Hills,2024-08-16 12:00:00,16.56780469405063
Eastern_Hills,2024-09-16 00:00:00,15.806882872035512
Eastern_Hills,2024-10-16 12:00:00,16.047354170205992
Eastern_Hills,2024-11-16 00:00:00,7.000977711522474
Eastern_Hills,2024-12-16 12:00:00,-2.0752699203301237
Eastern_Hills,2025-01-16 12:00:00,-9.659688540294313
Eastern_Hills,2025-02-15 00:00:00,-14.008469853229471
Eastern_Hills,2025-03-16 12:00:00,-19.205616688226222
Eastern_Hills,2025-04-16 00:00:00,-15.336593342296599
Eastern_Hills,2025-05-16 12:00:00,-7.232737723264575
Eastern_Hills,2025-06-16 12:00:00,10.480814788893442
Eastern_Hills,2025-07-16 12:00:00,16.250734040071737
Eastern_Hills,2025-08-16 12:00:00,23.495100786910303
Eastern_Hills,2025-09-16 00:00:00,24.287988763882403
Eastern_Hills,2025-10-16 12:00:00,18.215152086818513
Eastern_Hills,2025-11-16 00:00:00,5.84151445041117
Eastern_Hills,2025-12-16 12:00:00,-4.10637121687946
Eastern_Hills,2026-01-16 12:00:00,-6.631883560520812
Eastern_Hills,2026-02-15 00:00:00,-14.080826887967332
Eastern_Hills,2026-03-16 12:00:00,-13.589770174473474
