HI_median_mc,CR_median_mc
3.4075020614869365,0.000206673719790426
3.2724511989505296,0.00020568794578611454
3.570719392648124,0.00021590527658328732
3.0990310506477234,0.00018936959980664947
1.9039917081631403,0.00011938136195116285
3.3747035948485027,0.00019728599445041625
2.3049250880093455,0.00014271451556925775
3.280058929771859,0.00020294567777707546
1.8985340752169033,0.0001256924036838717
2.4658946142860216,0.00014382154178935853
3.3843857085664055,0.0001975405385227953
2.6567832536237406,0.0001551961043939476
2.9311001386270803,0.00018124962856086343
2.631374039883046,0.00016357266924886006
2.549146491850766,0.00015387701715183965
2.1755092982900353,0.00013168083339033858
3.034537434755982,0.00018640392331483957
3.4986349498146674,0.0002165572010197924
3.1999089469608784,0.00018722921806102282
2.4166152534659506,0.0001701032849904135
4.240658906411744,0.0002659519301177656
2.512239879607754,0.00014512694703463225
3.319657507690547,0.00020327489143646117
2.2552884452685937,0.00012783592002722405
2.6983710031540076,0.00017515224805935765
1.9701087423287365,0.00011351270334056069
3.622784850751274,0.00023139687091210882
2.2940819273879627,0.00014049868359771494
3.4338232366738204,0.0002107856264562423
2.8999107048067483,0.00016916656738774375
3.565193098961524,0.00022165343267152433
3.29365193774949,0.000223418539544721
2.6008764884277933,0.0001526388101020412
1.830088729131094,0.00010881990534355821
1.861246280959028,0.00011342402094996136
3.002873222405292,0.00018628180924903817
2.5036487933713683,0.00016533786499836015
3.7650087953700098,0.0002324939614379081
2.4833816456381155,0.00014528611473223167
5.273869471590562,0.00030886960001464385
3.7418549351583676,0.00022601339775041093
3.3660553185942805,0.00019857221015016829
4.300778786421,0.00025300225111689643
2.675150428449839,0.00017363579575841345
2.848002338495701,0.00018043649221987073
3.194584422875799,0.00018835979227394461
2.534725791112877,0.00015455378806130486
1.8616270642437698,0.00011202620043723367
2.5554320370775288,0.00015416661234858708
3.110520003710274,0.0001961591262291357
2.6473421734849496,0.00015525694439667828
2.9859069754532115,0.0001813923222540136
3.7328549559672277,0.00022718751163219546
1.9289604155221842,0.00011134675921832224
3.0215989710009277,0.00017633011770119855
3.0958553618223,0.00019833518497908137
3.7254458540471598,0.00023488675795622026
2.791963689984204,0.0001741900892110661
2.4992081164250273,0.000150983271319341
3.3423588467082217,0.00020173787806648073
2.7847885584455687,0.00017145767514125683
2.4061537239618547,0.0001351133827007087
2.970902780308996,0.00018228201642031945
3.0618195337751537,0.00019893101675075485
2.0148462853507576,0.00012721443679740462
2.379265415303843,0.00014658814424462806
2.7359937141231043,0.00015620323296651681
2.200532581212558,0.0001285946384369162
2.674492366500353,0.00016423374474417276
2.2006514418608685,0.00013650760425769546
3.345649842338297,0.00019700178942289154
2.1190963095677304,0.00012906457880779135
3.338500995390918,0.00020171109946183006
3.8741081293872046,0.00022303920461259894
3.1186818207803935,0.00019853220838505025
2.7764125813135325,0.00015592275541463153
2.9680441715763943,0.0001748334903640645
3.5408397936526135,0.00021220808882329857
1.8404251591606586,0.00011169740693394686
4.089814942998834,0.00023964353888487124
2.9028216204128987,0.0001795009776515933
3.0783887233510865,0.00018193696619175846
3.003816972169977,0.0001817821625350564
2.8474983279814645,0.00016666433943055342
3.6810791179316587,0.00021896390736105088
2.7602192668339494,0.00016230080553087187
2.9294899546017157,0.0001735811018432301
2.3869413499103986,0.00014380524281326385
1.652525654507686,9.967634693077225e-05
3.225505264236984,0.00020233078874348282
4.821777193273776,0.0002869036415050388
3.308512815835213,0.00021149914504497454
1.5160073316737122,9.078669203376912e-05
2.5947731226247868,0.00016046830816100603
2.7382423875284196,0.00016417331779458252
2.418420911703184,0.00014929399989022346
3.942976599335419,0.0002714532175604926
2.336684862018963,0.00014170421190930942
1.8705402290172233,0.00011637922398934064
1.9916619627692993,0.00012643287457925616
2.7957234180937465,0.0001674195999526225
3.7813574585341536,0.00021898855378283929
4.385585382684913,0.00025943712585804464
2.7594452619875924,0.00017055602134078603
4.093862105733793,0.0002574261542725475
1.834055097686012,0.00011425137018432411
3.481009221190415,0.00021220757072104265
2.0915575862389253,0.00012709395513103877
3.236909373068199,0.0001984462704824853
3.624952805253309,0.00021107022734066967
2.97350531677099,0.00017623029672949423
2.809753261820093,0.00017052184625682802
2.4736186382565264,0.0001549950886253298
1.9469078754966,0.00011359057672640421
2.4667725825966915,0.00014765776693794003
2.6499938973724126,0.00015683541536878881
3.187035568503142,0.0001933758120690733
2.9585857442141794,0.00017320313718246174
2.9250200278324483,0.0001807979802690335
2.6974992656405217,0.00016238316656740122
4.66542016592802,0.0002871237742929155
3.057531028841189,0.00018635108208141254
3.525390001270661,0.00020895375877221967
1.96065959495566,0.00012023126902086383
3.0796987757082577,0.00018519163729927409
3.6386415254114532,0.0002139150344614702
2.4729608676332226,0.00016067198420951492
2.563331857815705,0.00015356732470867373
4.030108149187677,0.0002549974448668006
3.781764310815048,0.00023367535047730693
4.251998079365806,0.00024870357458724564
4.319534194254509,0.00027087118636199653
2.48308113168494,0.00014727503700355662
3.592751966479892,0.00022763929131106026
3.0353744421367073,0.00019327592153753467
2.950430700025004,0.00018719254155341697
2.2205446337054746,0.00013734247558593312
2.355975205474826,0.00015003779851209447
3.2327691131723997,0.00022350239367655686
2.985709892602614,0.0001843196059902949
2.2737535278062126,0.00013696025253276514
2.9536449618840614,0.00017393968531514232
2.471768361060218,0.00014532103352072717
3.2338700616727003,0.0001762588845690385
4.588342622394946,0.00026848472060612304
3.2998670344261845,0.0001945794109211209
3.363913427606503,0.00020548089611283467
4.35533645698344,0.0002712457659408314
2.641017779340314,0.00015647031702532778
3.3880301002230464,0.000205853001451975
2.4775444063242977,0.00014729633720512043
2.31396053375668,0.00014536066816917863
1.6833337675154911,0.00010074088748775562
2.4264189625376944,0.00013642245870098933
1.6064273538006817,9.527055219009985e-05
4.586990921165097,0.000274618638046297
2.9459898886359595,0.00018262855811299923
3.140888446574566,0.0001914100335711624
2.9760803155153734,0.00017753706052986792
3.383403457506572,0.00020410537654816285
4.7899253552488,0.0002809239645835569
1.9793495861851018,0.00012944157677468189
2.494483779918869,0.00014053118454861142
3.707232954811725,0.00021948156581097576
2.9938497406841806,0.0001784294050942126
3.7244314081163856,0.00022808728165732078
2.6476905321958184,0.00015941090792335504
3.9169788905317295,0.00022623719083842987
3.156259077439027,0.00018078209169285743
2.4011144795313037,0.00013982294414521506
4.515703785570039,0.00028121856239695216
3.3182169832095196,0.00020746497820098495
2.4951001549209617,0.0001482938760976542
3.1447542839435982,0.00019287335413047032
3.513022086084361,0.0002125827682657949
3.169522037957262,0.00019010263220147814
3.643256630441898,0.0002199810547805788
3.8572549186358334,0.0002221572545413952
3.7379130913891956,0.00022452891745554455
4.097713871016835,0.00024376857833297564
2.1753773676675174,0.00012954720161155995
3.603983888447276,0.0002337258946720306
2.513865115037173,0.00015883203679662797
2.6761983407869203,0.0001563562236469353
2.6256202788469736,0.0001548186694592562
2.3256034581424383,0.00014113915294000805
3.5071123577753314,0.00021621691250862663
1.552473717333843,8.777273775087526e-05
3.9154951628389285,0.0002392131631761423
4.612827596887952,0.0002823892764538472
3.587996955330395,0.0002141282141945027
2.2957484487377564,0.0001383339411131658
3.6753674306119333,0.00023791188949290917
2.1438314123134097,0.00014208373379957204
2.816166578598429,0.0001777090460455239
2.93231719628628,0.00018516125401485384
3.209740332318874,0.0002028813572150257
2.5727813694928505,0.0001612799083394614
4.6986838522465355,0.00028810753484101654
3.044524587446797,0.00019091734196870019
2.7179214931211453,0.00015920060834706494
2.2728795683965517,0.00013611426473345104
3.7778452958517756,0.00023832849537339283
2.19142851665806,0.00014152769858066436
2.946287048030707,0.00017477407220618492
2.455744171393918,0.00015796594241878885
2.8062982968095644,0.00017987331738672166
2.167169903999881,0.00013169000382875807
3.1353289069059005,0.00019880865825789223
3.907947032407637,0.0002344388958148296
3.658204283578908,0.00021680245017211295
3.942372038978358,0.0002383887818184814
2.45131909367375,0.00015254027615171532
4.0975125196907305,0.00024220760828835963
2.918953509023009,0.00018648087279301399
3.544204666551821,0.0002166493664480032
3.307874981943701,0.000190270580954466
3.3890737481102713,0.00018967881247517317
3.1054573568165664,0.00017876272847603506
3.311143546266772,0.00020090108179878722
2.6738043744643787,0.00015682920203660529
2.9095677736040733,0.0001741116725424829
3.3444416042771405,0.0002005125048471058
4.015727762611569,0.00023368286351652172
3.0413866608601148,0.00018166848020303972
3.293551441121296,0.00020160417165941238
2.5713388916519166,0.00014964912885247133
3.151989620938454,0.00019341982103549937
1.416863584558304,8.213363784907889e-05
3.0868677927689565,0.00017966388210924222
4.304183129975279,0.00025775709660740286
3.8138013458924562,0.00024058340366425973
2.4318548253718064,0.00014953564578029736
3.2821697917742823,0.00019349090965844416
3.6290821670538245,0.00021868033079631142
2.66602325558598,0.00015652289796229513
4.686458595255304,0.000297780903164996
2.671180843771017,0.00016403597197161695
3.6078490241583796,0.00022047340968774895
3.1867073199112914,0.00019551816679926108
3.640592569026561,0.00022097557870227422
3.3441232792960456,0.0001982386962290147
3.6568963511040127,0.0002352526108291326
4.175253835889391,0.00027748703740061454
2.5896094206831966,0.00015229384278082358
3.6329848169973937,0.00021037417184654385
4.303028000240906,0.00028671251402182863
2.3262644838332034,0.00013899570784789675
2.8697883734150875,0.00017130610168375511
3.7020015700778868,0.00022632532005537807
3.5957091097414486,0.00020880723465300092
3.1991618674310938,0.0001855902294348547
3.762971697321853,0.0002192923123197689
3.1917732980218383,0.00019778307378607974
2.392715477251545,0.00014474472012411389
2.6048619810838827,0.00016370334102005444
1.7543109421428167,0.00010898538712021743
2.0857343059008677,0.00013174716984535955
3.437298891599833,0.00022895773835448092
3.6140961004452565,0.00022699695658985757
2.232093124610616,0.0001345651194160217
3.0080603122745226,0.00017747468163898048
2.137396954870304,0.00012994873255430412
2.5078215797316563,0.00014565180088585406
2.9423908769019653,0.00018494003528310234
3.2282001989684033,0.0002026506790825131
4.457470595180507,0.00028966152227533087
2.3326045902366275,0.0001502707984129735
2.798945502291372,0.0001654720537178236
3.5444272402495556,0.0002158261107415688
3.52398671971224,0.0002158164667238627
4.379221980139449,0.0002542320131386804
4.329258494224024,0.0002531026915359385
2.5967760338599266,0.00015568925059317266
2.59827351895753,0.00016252281195148086
3.285835836967318,0.00020860529556037012
3.3150969471151948,0.0001975498812477873
1.9079124249462736,0.00012617515724641868
3.9342364447782914,0.00024295893068589786
3.8586336671227137,0.00022790005232346857
2.9082690082897122,0.0001664864908986516
3.0073872371586097,0.00018729403119460003
3.5670530496750916,0.00021475187590885795
2.993889373024013,0.00017928660535234696
4.042241795898886,0.0002471004527237923
3.2545242617511603,0.00018897222116658993
2.7290239095649675,0.00016720417955340172
4.651042200955542,0.0002856172947301894
1.9714650869258872,0.00011994962630997898
4.353752846023723,0.0002823499800816829
3.223300358270178,0.00018510502293325615
2.3130945599988424,0.0001404953668741948
4.63095418112568,0.0002751297374867742
3.626216843553532,0.00022493620044336434
3.0330420427629234,0.00018916518464023424
3.055588308666723,0.00020640598354781717
4.004378243261477,0.00023998849799139701
3.4452678298831656,0.00023243646619507157
3.5510483679057767,0.0002130421395119687
3.9943472044299067,0.0002329037059367088
3.0087857198267773,0.00018347284965891433
4.057157310946201,0.0002610731354440826
4.0417607167942275,0.00023818106461346485
4.002821885862463,0.00025718933396280186
2.930520284539937,0.0001715601137644137
2.8314669630075935,0.00017055443171388004
2.635304019902711,0.00016179180923861633
3.6834349853620094,0.00022201283720848746
3.3501476486360144,0.00020843081122750984
2.9024867914293537,0.00016917304285451443
2.6321235925031017,0.00016111988623789106
2.9113322742994803,0.00017978100566483447
1.9705045600831117,0.00011875499150831444
2.5153434502230185,0.00014997037687386176
2.9286967785431806,0.0001759091271666645
2.942758712064789,0.00017942399253710812
3.194001321530485,0.00018982219401311986
3.072056261319308,0.00017744024564873498
2.9396190223307603,0.0001802708151138537
3.4352932518319736,0.00020340296212635817
2.861241198925404,0.0001720580438384353
2.9995227453229867,0.00018893423428728562
2.5425790091093914,0.00015351527874069801
4.704922349809028,0.00029800898665271536
2.1078305077265918,0.0001274393217336624
4.243214096425193,0.00025541497625384386
3.5599417887291316,0.00021870165077537894
2.9878110290631694,0.0001795111724352385
1.6669332444007983,9.685179216902433e-05
2.9487904813364874,0.00017316106522537254
2.7044422198841636,0.00016551646431557605
3.062481914739232,0.00017996244094565532
2.7149300490200874,0.00016194673029924688
2.901361841935447,0.0001777637737836276
2.6884894363998946,0.00016675254939706332
1.4915638234764428,9.298810843412031e-05
4.159846254184443,0.0002599182687648454
4.063884357149917,0.0002514583463676374
2.185547277075835,0.00013181063296253395
2.983980176260507,0.0001813254209978411
2.235476692214086,0.00013161696029118634
3.9482770490131918,0.0002243022599526806
2.0381827839269904,0.00012271356271404817
2.9856792305158937,0.00018542505529466617
3.094906890643384,0.00019364011262768666
2.128136525442143,0.00013455516673043728
3.2893927958503064,0.00019522639209848959
2.761594256316987,0.00016557034419292332
3.2205942742194322,0.0001903721910982105
3.3810232540833765,0.00020090707209267816
3.36397350838736,0.00020112402476847116
2.9023664261217563,0.0001753599964961432
3.3350666890068426,0.00020510268269339813
2.3652282598467522,0.0001431621928583769
3.3437759042721247,0.0002022209476301725
2.1447964134678865,0.00012682174485362596
1.7421616782673275,0.00010725674917352464
3.1789657729665617,0.00019547577216141504
4.564675952282633,0.00026970014914532076
2.8254907349904794,0.0001753558713314657
3.260490167536832,0.00019758209004393088
3.0108256094833727,0.00017568789282366404
2.8933474261018772,0.00017062621333076587
3.515543050610085,0.00021369375963700053
3.8761764679853377,0.00022147895994955303
1.4899378296852592,8.932159691245637e-05
2.688718789360337,0.00016464018313462237
3.829947757486357,0.00021499416380583585
2.347100410528753,0.00014404823769630768
2.4446692247882194,0.00015331685787057774
3.66060655769771,0.000238004581414761
2.1526503562192887,0.00012509951219972837
2.7736196209864183,0.00017883919427695702
3.7938985953665747,0.000236716502621626
2.4674161403386936,0.00015357695463100713
4.015366417360216,0.00024394776361541716
3.4535486269715543,0.0002072601451067908
2.658175265261117,0.000164033694862959
2.9701403134336624,0.00018664448040310442
2.116883731761966,0.0001369132041401708
4.376866183573949,0.00027660059733274127
1.7588483858241357,0.00010509207827588514
2.8693472124185675,0.00017031647264592216
2.2600479952584185,0.0001287966149655382
2.3203216199710286,0.0001386403872423406
3.0565465115882056,0.0001818678567168137
3.1133022176293204,0.00018599692434885336
3.761799916825773,0.00022673615140869958
3.694273972641406,0.000237665897824483
2.4360509335676337,0.00014530500965537928
2.997034286145767,0.00017867494855133966
2.6405578631117206,0.00015864779709274284
2.5050336323364473,0.00015710259755211478
2.8653990389377326,0.00017541474168752253
2.635247087366229,0.00016144276255571825
1.8132686805608864,0.00010598209453482546
3.6049792744819826,0.00021905735571126623
3.4595930486048103,0.00020366702652883548
3.2361974949773042,0.0001864830766880009
2.4907646765945137,0.00015213384742221063
2.819450996062933,0.00018503579490471186
4.299266610826696,0.00027876686135646863
3.2495136567989964,0.00018728734179154663
2.138085421467351,0.00013814123429559648
1.5400385697078032,0.00010132410802224459
4.316436997563598,0.00026517007795517423
2.7313658612287814,0.00016030478266180548
3.116269349173693,0.00020411442626583402
3.5343369484578373,0.00020693569692422555
2.8649654691583617,0.00016777475664789786
4.077398941465135,0.00023320870130665635
3.188275509123432,0.00020396482268031087
4.0116096309192875,0.00023436367614149408
2.0603482135193913,0.00012525349836862732
3.085471661442434,0.00019263877041315698
3.2217890029624137,0.00019703877383150532
3.313425871996739,0.00020449400163337708
2.973595183200382,0.0001725295447251563
3.3541852396110454,0.0002116415336434842
2.368418522657894,0.0001495660081269664
1.791847994626693,0.00010848400088303103
2.758508187115488,0.0001621291153417187
3.5329592762355877,0.00021514625608085714
4.047756454867015,0.00024118583267853852
2.8393628252564165,0.00016882088319896028
3.4072145542402987,0.0001967941801265355
2.145599535596535,0.00013126560700546733
2.6027116371328223,0.00016686943781330963
2.2631260336460217,0.0001289645858078504
1.7585149467829866,0.00010082322306608457
3.1306353598369085,0.00018199291432049018
2.982676793340511,0.00019292380283157705
3.739085733552503,0.00022589773379561308
2.6780256642551294,0.0001693364641855951
3.3763435397586616,0.00019620420127723913
3.175532513817289,0.0001941391430908649
2.908898745297526,0.00016652661424867038
2.726255006920864,0.00016253888691435242
3.1182996907877456,0.00018490716433445866
2.8431574825328307,0.00017838521258168498
3.8099124927760544,0.00022083519214367576
3.660995982709218,0.00021921749928917233
2.2054557006141664,0.0001326497383855607
3.8676751597680434,0.00023669796038698686
3.5081395986050383,0.0002041634992095761
2.810979710605826,0.00016939434828436113
2.2095739097265117,0.00013240067726725136
3.1327480438854796,0.0002079667362999319
1.8285113444937537,0.00010873172557015223
4.223251600242143,0.0002543810894680993
2.9342296637252403,0.0001880239907177538
3.5754843638377825,0.00022178923717043774
4.039978638497431,0.00023767370891801198
3.0639244466147306,0.000187868429416744
2.353943132887494,0.00014952199281944472
2.849942670311588,0.00017552585824965044
3.1986533980094998,0.00019511520805111975
2.923218119907268,0.00017794215004724635
3.175132700644331,0.00018909974994625207
3.2044231575225695,0.0001941442279735995
1.9880130838486918,0.0001223455804661259
3.320768321700845,0.00020444459043209842
2.9578666740854627,0.00018075707805088396
3.448794605123254,0.00022499859330196327
3.156790374773464,0.00018448332857786036
3.667648774572298,0.000221634851298125
2.119954428764422,0.00013463402178876178
3.251098001449632,0.00019530016810715735
2.642504794258678,0.00015488580624930897
2.1132819941478127,0.0001338343350571459
2.2786839755943675,0.00013889952202001966
5.449745651058384,0.0003272636425318049
2.514774757203591,0.00015183995775329892
2.697499120923516,0.00016116809704062873
2.3551438768337154,0.00014134344402833582
2.9222586563946664,0.00017662821596043952
4.195793108664773,0.00023999641588149094
2.82187690380893,0.00017081672374736338
2.565968214714539,0.0001576198979670771
2.7330337856465587,0.0001704650176718655
2.259187388697366,0.00014349839018301747
4.55402674076122,0.00026514865123040585
4.337846075513637,0.00027329754522294804
4.406843736118668,0.00027295282865368503
2.7872103282683387,0.00017201542442767998
2.745241988723585,0.00017976015133265463
2.3815121426009416,0.00014890285348377136
2.5365195997710566,0.00015853133251710083
3.063133368551126,0.00017646118373480947
3.5207196360217403,0.0002160246849437689
2.7242681058916545,0.0001645308174631686
2.969689988191827,0.00017610262214919572
3.2551859721822582,0.000193558253443214
3.3210406822177663,0.00021172123092754464
4.2092004821537765,0.000250752138188471
3.6595728633141564,0.00021041116572168223
2.0629459852359546,0.0001277504588926041
3.5022862020900902,0.00021760129792587136
2.468095778531205,0.00015660493527021096
2.6081465419639245,0.00015845627322760196
3.2192464227131303,0.00019625939533554786
2.297807247217903,0.0001486269084794032
4.150743285462745,0.00025807912282645656
3.1448488835730326,0.0001967112699997151
3.4333649178023076,0.00019540081590594101
3.744089147020337,0.00021897588051956232
2.466300121958967,0.00014362569934371806
4.148105991036322,0.00024343421461378608
3.8967699360905823,0.00023793975000661167
4.891853257305711,0.00029910976260634557
2.9397447813675095,0.00018280907333050012
1.9581521813047555,0.00012001868300880726
2.8119224623616423,0.0001642738112422238
1.7900171862312229,0.00010521060025118708
3.2742086742034044,0.00019955719946672157
2.80281501109489,0.00016574974824950714
3.381211523751414,0.00020150744656654052
3.857608353804874,0.00023668082376213952
1.9696196675494673,0.00011904190362712908
2.757110588891007,0.00016616532210686583
2.69558503768334,0.00016236940502555584
3.380699922328741,0.00019502092310377965
3.960481348344169,0.00024404972737086537
2.430313868312261,0.00014500237826230985
2.8025839157367316,0.00015805721555441857
1.9442759877755713,0.00011505778237655213
2.6553610051403456,0.00015703931098805376
3.944254080713368,0.0002600059898321528
2.853467640102075,0.0001699894835665593
2.711887192044593,0.00016268589868494046
2.931566597549905,0.0001741914198129406
2.6972875739944397,0.00017190092605993908
2.9118353519922473,0.00016535295428289813
3.76237253998802,0.00022862544134558832
3.6403565113100673,0.00021610348416313443
1.7576530077386188,0.00010195411177504444
2.897915050106643,0.00017651157821070134
2.4913355181583543,0.0001466404570515992
3.4504682386208256,0.00023013615199751967
3.165821025646703,0.00019934693122879315
3.7960137318015645,0.00022744317059841094
2.5425590345316977,0.00015369554548484355
2.5958710783949805,0.00015273889408089588
2.874429427856872,0.0001768457903388126
2.0606056611464982,0.00012275520676348613
3.5021112334401217,0.0002075740004941217
2.697561348935151,0.00016545326168372035
2.843542262288675,0.00017249369623944234
2.6233834945295604,0.00016077251342423653
2.7336413144736866,0.00016822039015792207
2.1966908020836002,0.00014404872981696427
3.055965896064549,0.00018746771888278533
3.1757681463622225,0.00019026074167184106
3.4919704741611053,0.00021673685452917367
1.9596698373017643,0.00011400866034536007
3.413593543268267,0.00019990287219235307
3.4320791605489123,0.0002087102208477928
3.3298870105390144,0.00020043406244274592
3.5062320554469415,0.00020480577095383166
3.6474608680166067,0.0002259057438049673
2.8411778671742285,0.00016722542268478947
1.9560356236747458,0.00012391891814567832
2.737321575449705,0.0001609004927215727
2.0418577528946202,0.0001206509400460404
2.7328678127918242,0.00016858693014936636
2.875239358332752,0.00017617639022693413
3.4807138014989536,0.0002002774958790266
2.7620825079766167,0.0001632296047859249
3.7872062720601902,0.00022174121503795353
2.5360378956542466,0.00014636262325308259
2.982775957004984,0.00017946526411030577
2.3449446108190295,0.00014157126199104066
2.5764692645720944,0.00016762250009735697
4.326816156092851,0.00026082412624903076
2.6422248102024755,0.00015888294941937084
2.7420518917945724,0.0001655794749753791
2.656961642126529,0.00015934338733625652
3.195655572583454,0.0001831479342319163
2.8772107756454215,0.0001671745966589496
2.9223962481298185,0.0001792792922035234
3.9230601073412137,0.00024098207074113093
1.9130589210677296,0.00011659045129949687
2.465739883051681,0.00014368504520921824
4.843939617902738,0.0002962862076844943
2.1103019803980745,0.0001284369315153724
2.898616410760806,0.0001667139278696525
3.0273737062650135,0.00018037809809124528
2.1676399514843956,0.0001345046057299011
1.9569759998414396,0.00011418305030199854
4.9533159154440325,0.000306776518272235
2.4075325423480534,0.00014234796760258182
3.418262059507507,0.00020430952206725654
2.9299714898054985,0.00017808735786876495
2.861346998875426,0.00016893155420925218
1.2896170266993763,8.059107141304387e-05
3.8290128411360236,0.00023392961438524845
3.392247776404873,0.00019817668458751357
3.206052812116468,0.00018682519779313989
1.622211827444903,9.810621955366693e-05
3.94064362142963,0.0002494621656227417
2.9576007646908717,0.0001831868610212237
2.6061457442796314,0.00015619029090691724
2.4534401324490305,0.00015557064516386193
2.9379193622425746,0.00017918692216178984
3.226681368717481,0.00019270183576768435
2.6494162895508806,0.00016224912940871725
2.069382475564167,0.00013067121616211925
3.5074073794051928,0.0002058560395900881
3.438874119163504,0.00020703562834670821
2.587002202039532,0.00015190839925838904
2.7166519616159097,0.00018002251345973532
3.158751541730404,0.00018704860311866646
3.951997091696338,0.00023621711843705836
3.252505234658209,0.00019909523811452944
2.1556498852274357,0.00012729241970621725
3.781138847651016,0.00021976477003302221
3.546241656253966,0.00022658377576029954
4.422888118401553,0.00027254085309465155
2.9951745567395633,0.00017471124460575818
2.978133651006901,0.0001764007592869938
2.5783058264072607,0.00015018888909151977
2.5822724141903564,0.00015685322857200742
2.8557322272050354,0.0001759088666039274
3.81594359854895,0.000233473442916269
3.791748876520986,0.00022630445827892423
4.06635733009225,0.0002369508083285238
2.307529989659092,0.00014019250706939925
3.1132812943008767,0.0002000258575088158
2.496971044998147,0.00016008057320574058
3.0797098388036233,0.00018947541907943593
2.955087015408176,0.00017829739644586662
2.573606629297373,0.00015615274068705076
2.9789358705145585,0.00017917161690487714
3.116192822068621,0.00019473034800303885
2.8569254465170935,0.00017437420290922028
2.5463894155256517,0.00016659164822637037
2.4471982907914613,0.00014765354846061067
2.0812720824495603,0.00012988820702479744
3.282047283544622,0.0001985183118734587
1.9338430965020224,0.00012075628341577131
2.1589893611082767,0.00012717311049123862
3.517556058936096,0.00021361920532525367
2.080127424318431,0.0001222704451308414
3.5825252945390305,0.0002139097094283393
2.113783464141704,0.00013539822803164221
1.8059068819623647,0.0001155611972233448
3.553435366486301,0.00021419736556527527
2.3510533517145262,0.00014464628362764246
3.4177955457903217,0.00020329562515477857
2.502948105768583,0.00014504913239162518
3.7822724929097875,0.00022215610241070775
2.340505997899248,0.0001391772912020594
3.86379219196921,0.0002350628383453865
3.2846588826881207,0.0001877165132387907
3.4039957527769418,0.0002126826022189241
3.202835220933444,0.00018485271250486638
3.3233679321481264,0.0001977866003572467
3.0692505304734627,0.00018234686182741833
3.071266886624624,0.00018095846937553098
3.248484872603831,0.0001801146948451216
4.4766206590104645,0.00026542618954499323
3.489457906106538,0.00020445450964777845
2.9221947022405765,0.0001815112505387237
3.460756987288776,0.00020173829233558754
3.627309985436227,0.00022445123579197828
2.001817820062286,0.00011691412744289529
4.297928393921223,0.0002562722879488752
3.260984475280742,0.00020213356518711587
4.230267525500989,0.0002556337238357929
2.0397096711009284,0.00011461871098661831
2.9014345398128203,0.00018054218151293387
3.727782216502032,0.0002382308076425156
2.8527267636957228,0.00017881636877096848
2.717450119940959,0.0001605583200876616
2.8472487109019706,0.00017592481926593273
4.525298693585467,0.00028663165461827444
2.2313850926698287,0.00013306357313894702
2.3460066797191335,0.00013708395399775542
3.1691491075906764,0.00019637258797671145
2.9001022076152996,0.00016783951293115567
3.6661865361047004,0.00022649435003147797
4.081723393002158,0.00027292049712914846
2.646434678595642,0.00016831123220725032
3.958784345286964,0.00023865368921686486
3.453256441612502,0.00019675150493382837
3.18065661843304,0.00019885086083561336
3.1718246907089687,0.0001864364094063297
2.8929748926150154,0.00017017225779179852
3.585832934799165,0.0002316852969542002
2.6518861009946404,0.00016470853292960475
1.4247106435594057,8.372756327989307e-05
2.6268734758537877,0.0001641784090761675
3.036306268238147,0.00017488286031627784
3.3399738462042254,0.00019626886387955758
1.983751498528313,0.00012525115760250358
3.1697739957186837,0.00019560380903751854
3.162419845733159,0.00018628031147445513
2.896870473902371,0.0001701278823915131
2.6586900147919987,0.00016067061447204594
2.988087759924122,0.00019414118897095924
3.028379080402913,0.00020420488075721815
4.433388913674652,0.0002974776879432885
2.742460667034768,0.0001682071336688336
2.9249679934243207,0.00018695040238696605
3.0199707333210757,0.00018594768478820677
1.885912618363625,0.00011607218164065087
4.10779289009084,0.0002585696361069368
2.6144395584158504,0.00016284093531100595
2.9902007621590054,0.00018550500341450084
4.760015722799868,0.00031809403459238375
3.258728237170887,0.00019626473178341496
2.6363748693024163,0.0001562008101553491
3.2146803295494184,0.0001939010477232837
3.651347139689605,0.0002163257836047576
3.8186238075772296,0.00021996009873371898
2.4452092067333004,0.00014943976683353744
3.849971692765969,0.00024012846852888433
3.0883939613471347,0.00019955035533442657
1.8811915509000472,0.00011173333913787964
3.5581265625035474,0.00021907160829680425
3.059353029550448,0.0001831604589408162
3.34079598329867,0.0002102993508835618
3.1053083828332255,0.000191202284782467
2.4588482895244526,0.00015564241585737664
4.200249239667592,0.0002457326977845606
3.1512332662957756,0.00019109508133395786
3.50498094416104,0.00020452287722250764
3.1946312010589315,0.0001903957092282427
3.247442648451505,0.00019738365479162547
3.239433314530526,0.00020296730995465441
4.133454821652169,0.00025328929252148617
2.8928655721467917,0.0001635533625765829
3.53888396823696,0.00021194300626561774
3.8455567564360704,0.00023616402208929784
2.529490936211433,0.00015394955658510053
3.6041231580551005,0.0002155883000853445
2.5921697665119723,0.0001514454695726922
2.7675791864641894,0.00017355875420619718
2.4064542717051003,0.00014381147302206166
3.111640057518554,0.00018210092601568062
3.933475227247995,0.00024367948411282641
3.782227885898929,0.0002516760751245564
2.456924456690911,0.00015672307808622192
2.681881376513203,0.0001575856700325044
2.6344333887569906,0.00015565726299073747
3.3600915721300533,0.00021445589858284434
3.107631846566731,0.0001870382643865519
3.0736233472978447,0.00018056125397647655
2.4422258385336417,0.0001557633265857189
3.4282727589639994,0.0002058634575542298
3.745966019592309,0.00022676712498963128
3.7049470327353666,0.00023031271087783645
2.9777566899726513,0.0001827016499584008
3.6367855407134266,0.0002238009239619856
3.4974174495318815,0.00020585862063200229
2.2209998363524743,0.00013687003916051845
2.9419602613488283,0.00017742952679343515
2.840583675093393,0.00016859435764784582
2.925255073547332,0.0001803281887976195
2.931760547038001,0.00017354940866829848
3.3196660823008,0.00020379628856904107
3.30135561342373,0.00019490013229519267
3.2400237183357397,0.00020765940665503296
3.267289200377745,0.00020431073687320544
3.2983134587916005,0.00018278162298943044
2.894609999020582,0.00017784352428482057
3.4555586650353094,0.00020199549751050245
2.541627743839045,0.00015454453739996085
1.4134258485913673,9.321630678108129e-05
4.008191012907046,0.00023850247748276855
3.5773495230538512,0.00022417247377435072
1.4201565928030275,8.045549231283827e-05
3.0311643757755187,0.0001902918421962204
1.985460899051695,0.00012077650286355025
3.4334414597804006,0.00020547793103802846
3.6462673928835776,0.00021935944009186215
3.0771837337396244,0.00018221693798762875
1.792263450652987,0.00010912181256180852
1.7885717044330198,0.00011386618518331092
1.9955087608631348,0.00012259766267993787
2.3983760711964455,0.00015278884423180396
1.5689278357801617,9.518450978320645e-05
3.3215835626929096,0.00019708494225381855
3.81985548693006,0.00023090703687244867
3.162797765904138,0.0001920533405015959
3.214095749722324,0.00019519293459041774
3.2912873787292103,0.00019678088491363282
2.9810568542456664,0.00017298033033759778
1.7019634770925438,0.00010768850905469921
2.2021916662178698,0.00013601002302019298
2.765263897347303,0.0001667934326154809
2.1715450838504986,0.000129916981493692
2.4608755303816268,0.00014621445082796527
2.118392100018375,0.0001254348827123604
2.530316535546168,0.00015416707210203086
2.8015970816156206,0.00017272310802878308
3.117558953736101,0.00018518511950451518
3.8859355761967436,0.0002454452150814315
3.09103901599848,0.00019307989515688124
4.628767582836404,0.00027878989635282393
2.0410076202745517,0.00012040466613552141
3.140696856572992,0.00018507284224123725
3.0400698681906593,0.00019765865165947069
3.9460081287688444,0.00022931153955811626
2.500846357285939,0.00015512052242384547
2.2455327559846032,0.00012795542306751713
2.253272713201837,0.0001368418826229358
2.6867911020080046,0.00016042613985203728
2.756759535416548,0.00017394071690346216
3.8385231614323114,0.00024447828121896376
4.706725939526404,0.0003180801991807974
2.3967444820261044,0.0001479732914398992
3.246674658049585,0.0001959426224651118
4.467074152631648,0.00025961252737863414
1.4617921277900592,8.882197574812815e-05
3.160662149274533,0.00018560589342875568
2.329258081155558,0.00015233993898757287
3.6888953772511086,0.0002561869042681487
2.9448725249398415,0.00018504056434040465
2.3474962574062346,0.00013794731474506963
2.3024209312291104,0.00014245188646434297
1.9188145999701083,0.00010920422016963703
3.2087518847929974,0.0002099985008403434
2.926641977075193,0.00018668345122975228
3.6088548691054716,0.00022349160511623523
2.644254283042108,0.0001571602349338762
3.3728356786539644,0.0002020195509902397
3.330405196007437,0.0002200493524085033
2.378881458060325,0.00015474136617244262
3.0573649813637966,0.0001900716430443549
3.978718733000435,0.00024366004923905704
3.0406823103239886,0.0001963745411834667
4.055865789178117,0.000258355970881218
2.8642063923146104,0.00017197292389471364
3.512396398382837,0.00022544745721406333
2.2226063308589845,0.00013640432572692033
2.8569389414783415,0.00015817001566283104
4.4689635406074375,0.0002939049244087079
2.5652851823231546,0.00015911823967501896
3.112629416280163,0.00020130149169013766
2.451555213173079,0.00015162052160050483
2.99881021828471,0.00018282577143472956
3.837692020978241,0.00024498787205333965
3.030082672629115,0.00019464380669514855
3.466886311207787,0.00022082183331338063
2.4353337024038764,0.0001458010351528068
2.3109185688163523,0.00013747405306848543
2.792597056056953,0.0001635926695226113
2.960763607934587,0.00019139380906546663
2.1690768114726615,0.00012699328730121097
3.569135559354289,0.00021499484971687632
3.2921236826688647,0.00019615872051686458
2.5245776475639676,0.00016216030762607008
3.2181199916166503,0.00018739923301293332
5.461736255807398,0.0003424572711885689
3.36188128191322,0.0001956282712652419
3.3823053427023173,0.00020628613836701866
2.9306724848958083,0.00018117427883521702
2.771003166769536,0.00017437249155566757
2.5665281689310064,0.0001533776065751121
2.1811104635551293,0.0001295345957162923
4.659974685704556,0.00028063992091934204
2.515390543346676,0.00015278773473831735
3.4409673285849562,0.0002069708615596805
2.1613599294372765,0.000140608898166446
2.800111574377268,0.00018367542623272932
3.193552537609626,0.00020473834560767834
2.6656442933002884,0.0001613565278432341
2.535438266322839,0.00015509947322096154
3.7321173294487786,0.00021783701107810737
2.0286485620843044,0.0001255305612843181
2.859837415357317,0.00016612764172523327
2.216475615020852,0.00013538049828604006
3.6999828769605676,0.0002135623395691981
3.0892867967521687,0.00019050635408577677
3.50178671252858,0.00023149452107546997
4.16842510767953,0.00024977770825638325
3.2742200308751594,0.00019432679889977558
1.7850173055213474,0.0001139170773543403
3.0999285109026267,0.0001866334959425359
2.3847914821940543,0.00014303580558440877
1.9464731754271596,0.00011263185021276629
3.8091808902220095,0.00023946066923412167
2.7658399618308067,0.000162312628279471
3.176247990905896,0.0001928758071133562
3.0755360977670625,0.000185139038835288
3.3336034761851927,0.00021111740213323825
3.4672047759368168,0.00023426823385245947
1.681762791579973,0.00010677707751580336
2.171140830543997,0.00012646035511710999
2.6312286811702035,0.00016332903484255688
2.895838963781076,0.0001757802479159848
4.1416822758329905,0.0002536061941012365
0.9724337657768766,5.5175750736506604e-05
2.8672014189511073,0.00017575396808613652
3.090123589828088,0.00019510152235948302
3.2277436479792225,0.0002014702610259175
3.646663949677948,0.0002255664600075403
2.2002979553445217,0.00013625750777002457
2.982116760689559,0.0001942858743881212
2.242196573633455,0.00013025572580407823
2.5045311575567726,0.0001525463331332992
2.863833437946177,0.000177533330478422
3.63350242162861,0.00021050996147297442
2.712580717873075,0.00016532871078735298
2.4838024127918192,0.00015211336006757363
3.016753492211118,0.00017188146888093847
3.3484847197337637,0.0001995758951073958
3.1508387625147956,0.00020500474168450649
2.4067375340878328,0.00014029256929736552
3.9619432257511624,0.00023153067114700765
3.208583997358779,0.00018956641701356827
3.512741919549568,0.00021178446077655622
3.3615011298920017,0.00021048815153209345
3.573572028493532,0.00022542918308535585
2.7408881194160792,0.00016717844811536573
4.467232426960564,0.000253128287455191
2.54402892705959,0.00014768934429364814
2.571251088360611,0.00015821886273517893
1.1400687019903772,6.511094516196981e-05
2.9014186018416313,0.00017814116365306467
2.5524182081659745,0.00014793443649789405
4.203319851361207,0.0002537968833491177
2.826957139538888,0.0001887894955224763
3.5084914975463124,0.00021176530180963866
4.263041046687078,0.0002571928283568599
3.2505381489047003,0.00019266298593951896
2.612663482282408,0.00016155854911870237
2.379145539822572,0.00013429484629382828
3.746913005150209,0.00021605166324870572
2.023316977492455,0.00012311739051358738
2.858454795196997,0.00016888329534719247
2.9580755978118964,0.0001783257071488757
3.6453311334545617,0.0002193293509351732
3.6550517887712513,0.00021164166160045009
2.8856034463621687,0.00017491951243462847
3.394907556575904,0.00020838040572175034
3.417212543632741,0.00020300043996111545
3.3549320218054297,0.00020418651855484463
2.5264233497288235,0.0001599533529738253
3.0038091477735716,0.00017709375104673806
2.2396083629800607,0.00014104068391186536
3.778718026202362,0.0002364229730763515
4.2658231822894335,0.00024817485936949114
2.739063224941036,0.00016870120039078006
2.5695139147965342,0.00016297641866966066
3.687762367412281,0.0002129269147984482
3.660093801004784,0.00020839106184911949
3.120886077498683,0.00018121942717021084
2.3779784510851,0.00014962470436514743
3.255125804043153,0.0002010187005683016
3.8285521456141063,0.00023125003344317188
4.180563422447128,0.00025306983916001976
3.8147970791314036,0.00021129589982597137
3.6312469943040666,0.00021731581220126047
2.2574256166822915,0.00013192430992899355
2.899824330655676,0.00016977162965901534
3.2501306246685924,0.00020154618506180343
3.1858029757948176,0.00019927296113047608
2.602568858452793,0.00015115462927137426
3.3099547875136603,0.00020845103398767055
3.1574680795375727,0.00019136432536704325
2.3448287091061792,0.00014494582879392618
2.50016028718897,0.00014233524733703407
2.3720785145917427,0.0001392288075076429
3.1451271659757905,0.0001976850705101818
4.032753419070372,0.00023275507853952752
3.306036647148316,0.00019981365053448955
3.490923781721371,0.0002129963905822223
3.7158168442205035,0.0002264115337257335
3.7828896223381756,0.0002331092674306652
2.924819802768995,0.0001832976833920537
2.073250949738623,0.00012435012536260554
4.388340486266137,0.0002615285319597392
2.995941644634467,0.00018346005299693844
2.6732543365733927,0.00016505025753842556
2.390021315137973,0.00014331131999958176
2.699505862847192,0.00016911922552914144
3.086487140330423,0.0001777876141609698
3.880820012744765,0.0002358972730696681
4.63952720527575,0.0002973981586603916
2.7955394735904866,0.0001630041848247414
2.9783971434415486,0.000184970962808364
2.8283397741227065,0.00018366363811383644
3.855299265935976,0.00022503442870379738
4.049599808994133,0.00024129946249931854
2.2144247997705673,0.00013164526706931342
4.033625974694645,0.00023512649117718478
3.930718423422477,0.00025691856562313966
2.7143905252520004,0.00016477355275570178
2.530817265340287,0.00015002384604432308
3.0545151795377525,0.00018196477351117314
2.5194165073826933,0.000149819295625918
2.0915305931267527,0.0001218489815869703
2.9619554749301606,0.0001741452924504976
2.8180766156378327,0.0001660509881802634
4.387303833706893,0.00025814530665043415
3.1271978905039317,0.0001823527553787564
3.650523572623176,0.00021861252850122995
2.9806440527141533,0.00018165391114830241
2.7278161405538914,0.00018061660933153437
2.3037480121112326,0.00013299782116915257
2.5605347070241873,0.00014918601097365747
3.775268584130499,0.00021617539496755935
2.3186792040920965,0.0001338088770610161
2.0527332654590986,0.000124630591833277
3.1421879067294016,0.00017627330618931968
5.145353555262665,0.0003299974469230163
3.0660638961610633,0.00018175494136510263
3.3165581049337107,0.00021296698287922992
2.9657199449870575,0.0001929286844559415
2.5785643244381595,0.00015476467976537623
3.3175964078175832,0.00021042500607756202
3.0582923153402377,0.00018475037149730082
3.6545126962038594,0.00023243671665653632
3.3793782870489926,0.00020159501952260437
3.89775582096346,0.00022415096241172703
2.8442490994013068,0.00016927117063989514
2.7553197671386855,0.0001614666264277947
3.0234990260076677,0.00018419820713321152
3.4031812034753197,0.00020327923609557403
4.492101405189736,0.00027834776731649596
3.999797183220975,0.0002470277702664287
2.357041722737141,0.00013324199535374401
2.9064251295870274,0.0001704296266275864
3.6755182317174393,0.0002179566798894562
2.8460862803468094,0.00017654427786724513
3.554802032672173,0.00020996970062355156
3.027007049067639,0.00017606497065393914
2.7973120486509715,0.0001585593009589281
2.609156861047272,0.00015899345575483092
4.446522717193405,0.000273941619530028
2.7019577762529163,0.00016425847907616781
3.6247454247516564,0.00022080211086393525
2.660625504411524,0.00015959394872228723
3.042663093508369,0.0001869635194713242
2.3073230963402267,0.00013533418041747523
3.260168560139388,0.00019024944585114856
2.8702074220079075,0.00017488326732715678
3.769500205878286,0.00022959228364769193
2.788721056540395,0.00016866098576396528
2.3915534126056484,0.00014852269764121904
2.526191703907096,0.00014593291531917493
4.183294723254688,0.00024663196555756785
2.1353967283388733,0.00011920070638362638
4.451292892403533,0.0002781563674889137
2.4112180857314343,0.00014397856245465816
4.752665957374123,0.00029743669848609187
2.868098849372279,0.00017799695822387574
3.4634536441790216,0.00021326560063352246
2.7343005292279368,0.00015860436147775085
2.8831302385408084,0.00017375555171556534
3.3575549095909025,0.0002029741614884267
3.3935255183460464,0.0001920727288134774
2.894326992231118,0.00017836605886019724
2.6470013892643753,0.0001669812970046142
3.668701622867858,0.00022755932634505458
3.1852088252732407,0.0002078252838880571
3.0113663983643266,0.0001965892252576342
3.4288920458303425,0.00020262423523345006
3.1078997471375374,0.0001872763818371071
3.22790271281263,0.0002059569272339855
4.618675960607697,0.00026813155959061214
1.9275887891785015,0.00011838297165204306
2.9896227021837953,0.00017533044662261356
3.5916668125067237,0.00020941677182099536
1.6011410881083181,9.293179665383832e-05
2.7805954626857483,0.0001783911942892735
2.4376428337592184,0.00014423579840348812
3.039414050022481,0.0001743885367694183
3.171328260850278,0.00019164559005194827
3.0329092913343816,0.00018356975074614935
3.441260883144028,0.00020837399078822282
3.6762428547850172,0.00021606823739423478
2.2147875874764016,0.00013769087838292295
3.417045314107171,0.00020853515810664465
2.7293251044890074,0.00016130396438435526
2.8751340408880846,0.000172101747489789
2.9892087829580207,0.00018679513746288246
2.200772759091758,0.00012525619097575306
3.85524904013963,0.000237718496977357
2.9591344082097164,0.00018424443466791995
2.0375099707522795,0.0001220571812566763
4.528366107194687,0.00027263377008415724
2.859107825735165,0.00017573017268310024
2.952616551069326,0.00018154349595413615
2.6305090345229387,0.0001614133499246518
2.7639146793927707,0.00016719566785764563
3.3263562517717835,0.00022492349728353876
2.6828057308083224,0.000163196617357096
2.223525980026311,0.00013306315496250222
3.1341254279206137,0.00018942350307155943
2.5462524102518063,0.0001516782556488879
3.076359874252418,0.0001994339494091764
3.291226552375263,0.0001961526618354569
3.908439974742567,0.00022356391687396954
4.225134742353469,0.0002547800441261133
2.4717874346257407,0.00015918438982194053
3.1751854665791606,0.00019405583078372103
2.5304909583489286,0.00015293205064699294
2.616925633961615,0.00015553596720082954
2.9675673507780282,0.00017758905351470924
3.406263061568876,0.000201851725661512
2.9227467137537086,0.00018721630324998524
3.8762156287068894,0.00023520234002679687
3.345325160822965,0.0001987467150580108
3.504259858984521,0.00021081626709645317
3.493199754012375,0.00021969053046718787
2.714874249836258,0.00016670479812070103
2.4373571822651994,0.00015043462944849955
4.111859908822783,0.00023625465093871285
2.387991009952808,0.0001462288774319346
2.9954382510949507,0.0001779620586704375
1.6947077786458797,0.00011047137786952142
3.117904257910598,0.0002035043207346466
2.9862902426215387,0.0001725813371889594
3.902357197533029,0.0002361721780063734
4.8967400932548,0.00029276451593480816
2.4099173354320933,0.00014590382394546471
2.9823337892631403,0.000179641949298461
2.249224830687056,0.00013613344795077004
3.2639956037714115,0.00018996456786767133
2.4215281762938288,0.00014081329647854717
2.2479905121015737,0.00012684162824683068
1.820319676787383,0.00011704113718931276
2.470151257218666,0.0001467812610027118
3.707068705256703,0.00021632744464915231
2.4454514555713556,0.0001518333548377662
2.3850706295623136,0.00015122217301261843
1.880486115719648,0.00011317055328162225
2.1493430370037045,0.00013561870444882087
3.151633034309836,0.00019093774131213266
2.5052214034557143,0.00015182181589942998
2.8400985406755863,0.00017139593703271801
1.2476136498163173,7.79667208784761e-05
3.041068198663127,0.00018308985370403056
2.968376048831922,0.00017073229100383425
2.422796050210404,0.00014323463385923003
2.6369587624453357,0.00016278478212206058
2.9384221355449567,0.00017812127578535386
3.9541418320361497,0.00022838032284228912
3.2477891345857097,0.00019002082534858326
2.7247716289818986,0.0001607870004742826
2.752260217157887,0.00016222021524550824
2.7516466435280624,0.0001710482453713923
3.4382484296006903,0.00020591220130402162
2.6077999159589953,0.0001558582099048646
2.861441766620731,0.00019070142519908532
2.4430889785288765,0.00014563992302898235
4.005021294537922,0.00025676152945990755
2.846246108782192,0.00017863145917732404
2.951387241494877,0.00019158198711494812
2.9625389904728494,0.0002085580611234539
3.908544597735087,0.00023941258941494054
2.9660767491877222,0.0001709526168232725
1.5584854740997642,9.273538058004243e-05
2.577020257993115,0.00016045325672110544
2.924174333920882,0.00017790022356944045
3.3281476503754246,0.00021120342995757343
3.849492084337378,0.00023933097241802975
2.897134878510317,0.00019405663994581006
2.342425649491596,0.00015693290298511082
4.1603315517853146,0.00024167320344216863
2.6194402976407463,0.0001636212168932208
4.097596834271579,0.00023983463526119718
2.976098655518836,0.00017530730671034355
3.332984973346622,0.00021933523128347027
2.9024975268661075,0.00017718336394489546
3.5589694405121883,0.00021688531556294103
2.1270817422722748,0.00013886803859492443
2.2617557089832694,0.00014001254604362374
3.0485304400392974,0.00020323795224705532
3.6913757290421905,0.00021809395010646864
3.223318697785418,0.00018931087773627696
3.646578442757035,0.00022230092010976137
3.1761738709879053,0.00019139045626938945
3.1812123239476535,0.00019177185038569917
2.230411862111304,0.00013324854648199535
4.317395846381882,0.0002443516048294406
3.0411750890483473,0.00017991132431658196
2.2425119042707435,0.00014052567069813694
3.9948467244378945,0.0002471283610742089
2.9002307309873996,0.0001666973519461725
4.638238083901458,0.000284326723304758
3.3149745085426385,0.00019210467839849693
2.9821245416411717,0.00018595879469594036
4.70188701024836,0.0002888249707039301
2.912364154446445,0.00016929398357309905
3.1870034357031205,0.00019848321628223654
2.6067086624060924,0.00015850180473696152
2.2034001642345205,0.00013393056562159203
3.4901766065301056,0.00020250186855863366
4.143832116715522,0.00025395243401785274
3.400351056528716,0.00022254440873925176
3.388540946927233,0.00019763140796104803
3.1375227056272643,0.00018770850410355957
2.3520687480043803,0.00014651619034488717
3.2259562317349544,0.00019253603053062267
2.9435239562988733,0.00017776715155188859
2.306660449404981,0.00013057176907545909
2.6416328632611927,0.00016405811941618974
4.360950166211952,0.0002635378372158764
3.048004759699006,0.000172349762690409
3.4823214766369976,0.00020533371942080196
2.758051679249601,0.00016095187486815806
1.9452896670198865,0.00012005135856128055
2.7423071634429323,0.00015724508118388527
2.6633918246882233,0.00016365569125710553
2.8069116059543564,0.00015700926462286008
2.129407725792778,0.00013476817776220657
3.3607094066407406,0.0002130998526047064
4.481941482808686,0.0002785824215229805
2.491971085842873,0.0001505530124449054
3.0589961281822324,0.0001902299781500637
2.230511022888145,0.00013405016591987217
2.4873596649429772,0.00014080061948845918
3.594083900656906,0.0002139712320018474
2.8486648357625395,0.00016707203840224987
2.8022413138334974,0.00016668311527439123
3.655890535995849,0.00021059662308959044
4.1502446934902055,0.0002749150297948257
3.2932064816734243,0.00020318368677909535
2.406310690271893,0.00014305313395998417
1.898932857423975,0.00011460063525999665
3.3054355964777318,0.00019962394712863071
1.9208261964235134,0.00011912064677836688
2.1012985966281073,0.00012583106187287775
3.160119865150223,0.00017923892557326454
2.5610559824928694,0.00015810405116107562
4.473756840059952,0.0002660390983034415
3.515824622340768,0.00020075240471307873
3.161513726192904,0.00019671590042628126
3.220082714217796,0.00020750082608336288
3.623095253717462,0.00021172630123820923
3.458445534723147,0.00020749411795447953
3.8665320006469703,0.00024553993507144754
2.9491679084615443,0.00017297116393122545
2.2285779170050497,0.00012926355332771772
2.5464404573827424,0.00014238905483728733
3.2602869449549647,0.00018674053015512018
3.5369625412122696,0.00021730937287075687
3.279583586119093,0.00019940116344923885
3.0912066140571213,0.0001814239576847578
4.153866930431485,0.0002591476272581523
3.3291451917801496,0.00019250375580050804
3.4311728367465197,0.00020550408046011694
3.682230263458836,0.0002222676834433943
3.12714155129365,0.00019307385434253767
2.970815202034515,0.00016869293803058096
3.0819000496121456,0.00018650752057329122
3.230155003232594,0.0002080900728317143
3.3563861945859754,0.0001908300470603609
3.8100026236281264,0.0002234717232597347
2.844063944921204,0.0001674306887492357
4.574131009309171,0.00026620056847257437
2.9455641022027503,0.00017935944552123945
1.513789279805871,9.389612570119794e-05
2.654741504419172,0.00016850381939841936
3.0444160467828434,0.00017825079089960424
3.1423255607680134,0.00019356857551817145
3.7685297354370393,0.00021585132001642528
2.4488067691767146,0.00016043400437061066
3.359443405500401,0.0002067304431618677
3.4622626409017383,0.0002233538302480359
3.9229726223438397,0.00023509738369504148
2.7476881187729894,0.00016896819648505154
3.737765718151951,0.00023158881384796387
2.552702759969497,0.00014802031211918725
5.287955531227725,0.0003506223674240396
2.7051374889723676,0.00016680147282322448
4.146984097178496,0.00026680842345034526
3.345609067237435,0.00021904629254702881
3.7718780456540926,0.00022333207415590586
1.744130719733753,0.00010354730898219777
3.8468578817906094,0.00024231702967792952
2.4651529063972473,0.00014608781082960857
2.8797174715120875,0.00018384202762686911
2.555795346792883,0.00015326397239068333
2.724113256408368,0.0001635614399094737
2.8926712160674324,0.00017205795838365836
3.24051565763467,0.0002082096299679641
2.6597784458712983,0.00016471392138032317
3.5005796416567363,0.00021157164055924283
1.6260672080544079,0.00010073805637136782
2.8850376884376283,0.0001724357733674859
3.5252220010812487,0.00020402087308827522
3.557163461726278,0.00021243867951945962
3.879701139496554,0.00023016002868989687
4.087496531657586,0.00023311142348980994
2.262336221933478,0.00013917040916612192
3.931982688870075,0.0002342208105282058
1.9603876940179,0.00011657616063514447
3.529700473379075,0.00020649826386680468
2.5530809530143044,0.00014444334275911066
3.066156657521449,0.00017785494474983793
3.285634274706321,0.00020593347706443225
3.1178094207842366,0.00019207077747673395
2.892168549760817,0.00017892095020441065
2.7023056119181597,0.00017156699206638263
1.8429757745752573,0.00010645496659464378
2.683412307937374,0.0001688537622874429
4.107934352021615,0.00023720384645502243
3.215008151220537,0.000181628551833656
3.5013340196714795,0.00020160533955258168
4.81100523362166,0.00028770745620941335
3.5172193517679475,0.00022181937707021094
2.1464678170392224,0.000124118027966418
2.5662920402319793,0.00016762150728590283
3.692603434059164,0.00022108348216809038
3.1979341769881358,0.0001943283930391112
2.774127016557702,0.00017870504269043284
3.7122771316451626,0.0002347633486241181
2.4285123587356408,0.0001497041744209312
2.852695466588341,0.00017619591354234046
2.4313728337060594,0.00015041852029291838
1.8019765491316444,0.00011693009296785704
2.5760062961531154,0.000151773912756136
4.571509031100865,0.000268496632828202
1.7586297973564404,0.00010765295528459938
2.503914236334643,0.000148941880171502
2.711778397365663,0.0001647670532247274
3.2952968815325177,0.00019011257369623026
3.5991316213231332,0.00022475138137570467
3.29609970863115,0.00019532355608294273
3.537618617932299,0.00021340847734103278
2.9439208002018002,0.00016883328848871885
2.496930029639615,0.0001557065038093542
2.654800237516793,0.00015946850791248202
3.0963524906077584,0.00018621451921594807
3.6074473891648315,0.0002010217304711454
2.6284920542909425,0.00015355953224358406
2.4683688036598657,0.00014559225291146138
2.9041790870965962,0.0001649868852809835
4.78428488727283,0.0002825055657343402
1.833369695717775,0.00010690721449296405
3.112805447087092,0.00017990266677407206
3.1504900142695815,0.00018490905093238318
3.560937974325644,0.00022439831808436283
3.0253686000166358,0.0001768121195641599
3.472258788460881,0.00021976006032145489
2.821553009352247,0.00017100555714917037
3.1277960033441228,0.000203655190238565
4.569919173291138,0.00029354081294681806
2.5079742446071065,0.00015177521999203418
2.731320604066924,0.00016896020140052227
3.405028143983981,0.00020835932269046842
4.133628855476586,0.0002705748043776442
2.1552616020197375,0.00012268675916493545
4.689356950425033,0.00027332899536255115
2.1984116671126412,0.00012991859097012922
2.8558380735068063,0.0001799733969856322
2.4140494936773775,0.00014898543681213054
2.787479056541924,0.00015954080014500563
2.727000482781963,0.0001761901759326846
2.4872807214603085,0.00014985035476794452
4.423687762473608,0.00027033698557907667
3.4743357907321335,0.00021477485600697043
3.0249785372796176,0.000181782402444005
2.3897760416763076,0.00015211372984711433
4.645952691874134,0.00027869195344123234
3.424643531008796,0.00021009049292392823
3.4481681828303308,0.00020968862001532335
4.410982131497878,0.0002690306350853805
3.23070392319741,0.00019200346060416397
3.558773066567419,0.00021542984439069764
3.788399376280398,0.00023161977610645787
3.7677250619640508,0.00024111884225819428
3.8119210503663408,0.00022830788278231412
3.6010557905278455,0.00022856901644120547
2.080488886556754,0.00012562061533077213
3.9952684791091926,0.00024315952351998353
3.611621906638765,0.00022834606416428417
3.4253195031812376,0.00019601767725623231
4.323906043999867,0.0002719458677046294
2.1027122845513793,0.00012458264499276122
3.140359957301641,0.00018417063580206206
2.7040384721600588,0.00016900118658958173
2.810184086884549,0.00017118293992821878
3.4418670084770904,0.0002175538634960434
2.518033159064469,0.000147934620282777
3.192075473305027,0.00019407071813613532
3.0755839418283553,0.0001921549780042583
1.3183930300343167,8.488448436435244e-05
1.6777332419681281,0.00010205499727869114
3.139090831882874,0.00019095386066827908
3.2840337630397114,0.0001991015548577389
2.5986552502363733,0.0001556726295599944
3.1474532092580834,0.0001889641135598847
2.5534348037370855,0.00015309304443280412
2.716130060204807,0.00015502395345964992
3.822978778243386,0.00023238136935729568
4.039412752017333,0.00022944743143755793
3.1105814168594996,0.00020640758040496089
2.847836325208313,0.000170565831067354
2.5472234338544246,0.00014794022166411252
3.0492799704052986,0.00018501738616617602
4.197981850319847,0.00024639994138615383
2.9911686057048668,0.00018847401994030873
3.4361337841262896,0.00021511327649350283
3.096892620443931,0.00018848268593644086
3.2005885780828063,0.00020794773175324892
3.0190250254391366,0.00017577084957494816
3.9154109408729765,0.0002293389912466732
4.237312949952019,0.00026161730445631526
3.5900689240417964,0.00021068784010626755
2.3169703122797163,0.00013573005735588185
3.180729900393628,0.00018361349521506674
2.521006269298259,0.00015246100342530865
2.7158283237739953,0.00017771383881599496
2.910096239491698,0.0001742967189442408
2.991961432590517,0.0001784515735596075
3.2643311431019693,0.0001969337734732146
2.8892976093837475,0.00017172681863358256
3.6023092483965793,0.00021891865222212128
3.9547344048375033,0.00025426728448146326
3.4103784916222906,0.00019202350850750904
3.3486440368854846,0.0002097747325566601
3.63644897701922,0.0002188287707048422
2.8149704048397814,0.00017861402808715972
2.0125688360887852,0.00012456420235013854
4.2466280906808125,0.0002665972995027777
2.700637952095809,0.00017103163967219904
2.2517154058388313,0.00013524694484277444
5.076879892175771,0.00034210054877831833
3.50183347355241,0.0002096513282236085
3.697402425508554,0.00022067405911976054
2.883842952021471,0.0001750071794698643
2.7431182328387855,0.00016620000433974913
2.1047758380381607,0.0001289618597966653
3.0003665395088888,0.00018756487300407697
2.569039530928268,0.00015536735215417377
2.1140572197483687,0.00013847137877007803
3.021559149136026,0.00016713157965347308
2.129615204207098,0.0001154314509345664
1.7681669299066543,0.00011099690446439153
3.69589968863142,0.0002114028637153966
2.8305590934652023,0.00016612646688247146
1.963439028923284,0.0001229092659224459
2.3170757277654856,0.0001415509250957397
2.7460864543009764,0.00016511095352606073
2.4405722711176137,0.00014442206224341475
2.2825934350790034,0.000141906292433775
3.5660979097432115,0.0002140983473241932
3.7422917302488505,0.00023347065244120778
2.3538011305178186,0.00014497258500050853
2.6218235662638816,0.0001628610190295578
1.7266334543916229,0.00010022059201633392
3.04655206528739,0.00018422001485649892
1.652379593679185,0.00010039821717131256
2.5648304152457118,0.00016116263296152546
3.3503000506501954,0.00020027543644688276
3.3492682538001426,0.00020613726708911556
4.059493117476234,0.00024308601120538078
2.6742344366144675,0.00018031133089531077
3.1158308718338628,0.00019602430871388962
2.832690577028721,0.00018034993360079504
3.4056006963051995,0.00020165347288751234
3.168269582660096,0.0001860693656465714
3.2555767330619525,0.00018343094401254332
2.8393595442891884,0.0001708212091299568
2.9574140415553654,0.00018647777645540222
3.3506843228236147,0.00020865571930141718
2.12370358503161,0.00013898692859347443
3.831464160765181,0.0002240860741658362
4.002296860622828,0.00024970854717606397
2.8911780027080205,0.00017756185627198064
3.92557198932423,0.00025090497105063555
3.3831814955342048,0.00021343080308003376
2.5393047339923234,0.00014860259068826792
2.9631950943551986,0.0001799298405052431
4.892203727188587,0.0002871745057837861
3.339471619472836,0.00019612232623040355
1.952592663989981,0.00010886767031334819
3.2669909901531518,0.00019868582013053189
2.562377456185301,0.00015660636962399845
2.010000442074067,0.00012071519497695559
4.894720860352818,0.00028647621173274893
2.958930526414173,0.00018045925810405037
1.6772306580826915,0.00010056693042709214
4.7459716529137435,0.00029458734028745866
1.936484451786125,0.00011451765781975415
3.331936429445336,0.00019314075605729285
2.590957362112091,0.00015548258611241525
4.285756006052139,0.00025501264749751946
3.006250834151188,0.00017738411900638533
2.9953335576109934,0.00017556624838076812
2.7442188670385783,0.00016647715953028004
2.8050200964255385,0.00017715242251203312
2.479943708289225,0.000144749877179095
2.6645426438853406,0.0001621114217086149
3.821225166540865,0.00022157649950432567
3.756824791644915,0.0002384677240299187
2.9970550495885213,0.0001750129730530434
3.2442647197039656,0.00018980277719169025
2.849952920646271,0.00018476880198036312
3.3966232087941903,0.0001940473041004434
2.4624775445457847,0.00014275618108780153
2.122148201169272,0.00012474043760833575
3.5715887022046306,0.00022282098902532977
2.890150556162236,0.00016232521696293704
2.970000494999612,0.00017043292585070834
2.621942530634827,0.00016757903874888195
3.3887564363338036,0.00020767881717661938
3.170003195916537,0.00020194500422683335
3.071464228003214,0.00017861835787182
2.846943980202529,0.00017783264538880495
3.179220653609491,0.00019187711166328384
3.7839758061391033,0.00024238226278010713
3.1768390254019323,0.00020945915483561094
2.415300169262422,0.00014151821791772803
3.090310674035454,0.00018151875210057586
3.248741972521962,0.00019526276859483594
2.8003669996219758,0.00018358493174876775
4.120544900162045,0.0002452748849572342
3.537783229753264,0.00022910718487943396
2.473127966644437,0.00015220273309757545
4.3998971467618455,0.0002603427659981421
2.9703134669677365,0.00018554599950031892
3.119457640134438,0.0002017121551258565
4.7367814103907175,0.0002834646792959269
1.8960186568160946,0.00011673834379473126
3.063805138013322,0.00018095559503652207
1.9300925798731616,0.00011462682253212081
2.210831415700347,0.0001341319792827875
2.5115174380855936,0.00015298959976999652
3.5891835906332017,0.00021398019800892133
3.9181011216449564,0.00023855145038424272
2.6164670405488906,0.00016073060451260112
2.3198850405696536,0.00014982372834329826
2.0840161937561965,0.00013229198812927644
3.3868988388668857,0.0001881439956009169
3.2789608599688886,0.00018960366071538995
2.7633036291197124,0.00016567098424421375
3.2397753610896745,0.00020363412571124375
2.2197605933273543,0.00013036246272005002
2.866286576830628,0.00016176675969379985
2.328410366604314,0.00015623491327462332
2.672403043805533,0.00017273046990615807
1.9757879595167327,0.00011590172747934509
2.782585402516622,0.00016333898429616333
3.4948814160309327,0.0002047369967245894
1.609269044558497,9.086383645495599e-05
3.2351282356903504,0.0001962230313394274
3.995609043201968,0.00024361770613726347
2.85339697758355,0.00017778229174942423
2.2696347496447644,0.00013595618930207882
3.4117501485116986,0.0002197698569202505
2.0485702894865203,0.00011548115970657838
3.5943905571508297,0.00021660399881605767
2.7947317595549577,0.00017568383984157735
2.914512782046717,0.0001754667266803974
4.769544495712991,0.0002917656677407062
1.7542306437826451,0.00010851047259309418
2.3490262476978634,0.00014988605469729295
3.121434211382216,0.00018671523306747152
3.0780753155558735,0.0001860461429000468
2.635638116589621,0.00015409199564391524
2.72909318328006,0.0001741354882138824
3.0728476178678523,0.0001843205232545016
2.8291532663855143,0.00016496319590679536
4.29700223035895,0.00026053621657080785
3.609129870156113,0.00021793819103375957
3.4864473191182,0.0002050375202606604
5.139147001678728,0.00032656364368980804
2.0622753174918884,0.00013255855138640985
2.5161381758066854,0.00015495526136609865
2.655599535362093,0.00015669390546613343
2.9199293023746433,0.0001617496441801072
3.228491106580158,0.00019986662789680152
3.4583305724021307,0.00020258489071478043
3.4411477068696383,0.00020605894524869348
3.9771709902168366,0.0002242959510382825
3.8167801689861443,0.0002344094162627194
2.2328704541460933,0.0001413220219617762
2.7378815414963444,0.000162010936830305
2.2710527565757332,0.00013744033505001818
2.845542792552781,0.00018259383640285569
2.4280606105623788,0.00015061875185479488
3.981636975487499,0.0002674487207237853
2.9636899478885557,0.00017058277795232608
3.046074677081516,0.0001827086245399961
2.812358733146768,0.00016862474048919988
2.3840628633326926,0.00013841863042853816
2.8154029470875166,0.00017657222597128612
2.5172463725184935,0.00014657313020303395
3.599214704652521,0.00022086350139533708
2.45619495040747,0.0001420426945606667
4.228707789877849,0.0002614082694854269
3.8287540796962256,0.00023523659547111883
2.1325503115091236,0.00012871984810631007
3.5661012730567663,0.0001984116155023106
2.0319647125667077,0.00011946540687418466
3.38032651391739,0.0001958943642954848
3.4926696918121287,0.00022311737989637938
3.9900015288233575,0.00023909166124388078
3.114331422268876,0.00018675783478399734
3.695404465843044,0.00023035503811470227
1.904083025213261,0.00011384503646986273
2.3230021041746105,0.00014411034665502663
4.114647661698952,0.00026909375009029194
2.4325237187020825,0.00014171787396226687
4.031095097320998,0.0002543049685773233
3.549608083290776,0.0002095046830305956
2.6133813053014956,0.000163565666339052
2.706338298712316,0.00015572119534476217
3.989451411699931,0.00023710920468560575
3.4373613113306747,0.00021347668721636423
2.7643836823999175,0.00017656851302532694
3.7343472053114777,0.00022934675558008503
4.048324659549158,0.0002324513514738898
2.5520389383983724,0.0001551658983897344
3.997618383235034,0.00024330254308689
5.17430834271537,0.00032279386551965577
4.2692297403729915,0.00027953249206446495
3.1421174038650914,0.00018368336998894803
3.9100313068634938,0.0002391648888145992
2.5706689690975475,0.00016468685510199284
4.536020824483115,0.0002717879783805761
2.3773526192054293,0.00014292424709368528
3.459285634651858,0.00020788155871431967
2.316061943142992,0.00015158041836610208
3.5738366810112914,0.00023172957733239212
4.755833849270813,0.0002870807476276686
3.2031572936299786,0.00021365741826411311
3.102538154898885,0.00017101444875353852
4.280834823855698,0.00028861766236962754
3.5223524664287957,0.0002074563024064701
3.671103064506384,0.00022056415510547507
2.5234338522071167,0.00014989368490456168
2.5391189131461833,0.0001570180086424792
2.3677744883114467,0.00014540392894231955
2.1307294201121896,0.00013515637998091033
2.5814522412820975,0.00015562178870707322
3.002261908612693,0.00018938810215675357
3.6150546267950596,0.00021056539658271387
2.411692504266631,0.00015263371133012198
3.3612215290977168,0.00019690693882685036
3.2551449506429107,0.00019301817230275847
3.0392195101113684,0.00018783380214174158
2.3281777574864164,0.00013985107387637474
2.675629174847578,0.0001666722123329015
4.0091243027572725,0.00024383128146078208
3.354295203203997,0.0002050965941064513
4.477545851788183,0.0002669612528671315
3.2779250566853557,0.0002158758146427602
2.656425719089176,0.00015246322871350666
3.5841510390484363,0.00023993623322426043
3.260575372344273,0.00022168652932529209
3.1032938180958145,0.00018250431194340687
2.6302962315389014,0.00015984997930236982
2.4930013371007846,0.00014037512056288878
3.131123387500037,0.00018450762906748732
3.4273725914527224,0.00020315594922082526
4.1939821707504645,0.00025982543048948525
2.8833535642137513,0.0001719856147976224
2.9462290014469183,0.00018099459680019663
1.6680991075706788,9.911336188899643e-05
1.3989446311948066,8.57243422756059e-05
4.0801560938455355,0.00023560500599588446
3.2504039144175625,0.00019348468209845504
5.269165520343716,0.00031099226708541445
2.988268298399917,0.00017727652016569597
3.2050689231121576,0.0001802699001023378
1.3985916803348464,8.703132054763847e-05
3.148439443765728,0.00021088548146433475
3.797176909404628,0.00024086693134133606
3.9645008531490693,0.00023688132032133818
3.250811442049932,0.0001968612901961791
1.9209612467838617,0.00011269642879216597
2.531536991466733,0.00015134282613669313
3.0757484705357108,0.0001865683144587393
2.595965777115266,0.00016752485286120736
3.915545758721344,0.00023341752507926284
3.0333040364251946,0.00018070117499372406
3.1216105193729113,0.00018694917101511388
4.032165706223184,0.00023714776869585659
4.218997955288961,0.000265115729822999
3.7255750158917778,0.00022859422284240882
2.2655523701325873,0.00014767332164377316
3.860670524875928,0.000274109913181289
4.154345249038151,0.00025237451206579464
5.1207474523421475,0.0003043303425826096
3.775893847209896,0.0002293989548982759
3.2997479553219162,0.00020209573591790304
3.1303444222957504,0.00019627626793584287
2.386024397275453,0.00014915407429814018
2.7007564419067727,0.00015348207930853197
3.3374886739591285,0.00021533495272989993
3.532267588733463,0.0001941208382864281
2.49930296427294,0.00014498733842980307
1.898025598385191,0.00011489110571982482
3.488986854100714,0.00020711768559700762
2.2255060232945993,0.0001332826448277245
4.023885636238374,0.000241523716734103
1.9627461370359558,0.00012094937666932672
3.0627139677660575,0.00018474354859674736
3.004063336607151,0.00019106640929570732
2.9631563324261156,0.0001740718242466391
2.8112520292133065,0.00017897942575507248
2.3030922434069248,0.0001365996426947986
1.3351774056502277,8.105470461933514e-05
2.8703725293647895,0.0001738951878334487
3.0069554006562744,0.00018155740576520317
2.428526116605819,0.00014151999370865908
3.136883152690926,0.00018204219137912383
3.2569122234573187,0.00019738622202635018
2.4411185654096967,0.0001488591343799585
3.8810813473801624,0.00022935859904451924
3.637078344543145,0.00022195668740833152
2.5034309664970484,0.0001459327800293774
2.2462222181873894,0.00013535978169098545
3.5224261642171526,0.00022184256970068206
3.328578469573445,0.00020231532791405244
2.085379312974426,0.00012713387832693172
2.949005010397868,0.00017594959465549014
3.7050781813426825,0.00022138029030256183
4.984957872881214,0.00028400141689191664
2.5908569435708424,0.00016401401548902822
3.014041066173517,0.00017911901944389063
3.311675569437421,0.000204102388362203
2.3960025835671788,0.00014102809059570844
3.7427905351710455,0.00022363362246719928
3.156697261404739,0.00019692399604700266
2.327240733847428,0.0001477777267996954
3.1814333553569725,0.00019593156485116103
2.7972363684026984,0.0001701776017738872
3.072091214313046,0.00017461234061232476
1.9327611506641402,0.00010983121326701783
4.042419549128688,0.0002546716571727789
3.2862972108001003,0.00019548354235621152
3.072234683717693,0.00019397206824089285
3.018198645695915,0.00018474363294767996
3.6192964029880295,0.00021076074594275732
2.4829696746823244,0.0001643808689281315
3.2090137285369917,0.00019501739355839515
2.229501157430634,0.00013841956062481383
3.63377268532511,0.00020808989070210393
3.449792568265516,0.00020283419611034367
1.5126113857745618,8.314868415314491e-05
3.2571244302571807,0.00019343829820674216
1.8199313840551639,0.00010632286008215219
2.8016607177629362,0.0001657326364693294
2.402135347840823,0.00014714640767471323
2.789308208512811,0.0001591260316933193
2.451767544651879,0.0001573750170269107
2.6813695872725627,0.00015438389737890438
1.8608739299451695,0.00011147232649665785
2.943737913122723,0.00018428767545527604
3.5654280845987643,0.0002190058007495386
3.4365573519231614,0.00019008747654753459
3.0054261491294367,0.00018916949673273943
3.5982636141613127,0.000209972103977776
3.673413251882258,0.00021405952976357676
3.108998544277277,0.00019167491819161217
3.368294274104226,0.0001969709779101567
3.382818398224365,0.00020629029712339173
3.438026945912762,0.0001987567847002881
2.476709288220916,0.00014552469991621733
3.4486514258562098,0.0002029212042114431
2.8142435214805346,0.00017036404202521105
4.692824972018817,0.0002590409261183284
2.7937229574742144,0.00016969722605853022
3.595407657147962,0.00022333758930400026
3.5244845018889244,0.00021953875512338404
2.6874043670715935,0.00016830269308054025
3.295080153084241,0.00020375546105023135
2.9071623888393234,0.00017124349492025806
3.6460195294481186,0.00022737657083762456
2.462018165858421,0.00015150795507788397
2.296588819765889,0.0001348206923135689
2.382426259878789,0.00014745583922314768
2.0001118746172954,0.0001302229150922921
2.283069575979668,0.00012905117544652922
3.2374564098893823,0.00018889717932308076
2.4147781786378966,0.00014816549877066804
3.8806568713974943,0.00023644057938657965
3.5774525370387917,0.0002196890192202915
4.375156283339451,0.0002662789957656691
2.7546386370036773,0.00016477487829217842
2.945805859180034,0.00018549291108564144
2.8791838171933697,0.0001690643693320451
2.309015056522191,0.00013712795248255628
2.7868329901803266,0.00016343479266527715
2.4589273287643505,0.00014931248928742692
3.8145876679681394,0.00021958059324417002
2.0344295780446107,0.00012110216776864478
2.7197962580872375,0.00017559127647566713
2.841331720674543,0.00016821939620253275
3.741035026541614,0.0002175961969980499
3.9168876518732265,0.00023148928108861878
2.315870852834321,0.0001360888923409197
2.7730396769617647,0.0001669151878307098
2.8596660456527023,0.00017256145970547988
2.7492553146795267,0.00016671639321987365
2.439869274539997,0.00014375331572181617
3.3385625607405465,0.00020959023109834332
2.214891729627881,0.0001344241908493071
3.0059658377914897,0.0001799559532358964
2.6680548122937813,0.00016135548192148868
2.795388278325528,0.0001703547812346733
2.734703499279895,0.00016370651159255563
2.56497210064144,0.00015591290553388734
2.9087944897074807,0.0001742989264913016
3.318487160336602,0.0001888731202621817
1.5056024464531572,9.217342133084439e-05
2.581607511608493,0.0001680920905122378
3.0079070704731063,0.00018572795936926793
3.1706021270307296,0.0002100228402405758
2.5513052579916704,0.0001537079083916521
2.500407131560536,0.0001461186958890363
2.686168557376801,0.00016177537978828263
2.578152614648439,0.00015765144976771195
3.3132404362560814,0.00019967445311090375
2.448460224883008,0.00015452091817984878
2.706301243616076,0.00015670951208111242
3.444344003383649,0.0002198879548742703
2.188761510293675,0.0001385272212802509
2.90202149588717,0.00017522435529853658
3.420552544547088,0.00021401489717751238
3.689718203755964,0.00021406253424691634
2.2574565647915072,0.00014138143048540288
3.721560546381894,0.00022001701802331822
2.9488309998763897,0.0001706460027326698
2.4257992496731093,0.00014823514565693303
2.1744387597020562,0.00012884204474120656
3.0194214151641057,0.00018040323722328769
4.015573491674362,0.0002520781379214308
5.027641526350438,0.00029045732942367425
2.7150608371073055,0.00017448396106530608
4.112056649601133,0.00024328804143162615
3.6153360509860963,0.00022747787634875026
3.5165564917160053,0.00020872649924848265
4.4853686411172,0.00027305671375655054
3.221736971576338,0.000197672140417112
2.738497893032163,0.0001584266986595072
3.910180483723505,0.00024315596214851765
2.769404528951555,0.00016527540395082582
3.0978682118508813,0.00018099218117684858
2.759356575930397,0.0001800198095533362
2.556346601159079,0.0001515190660933912
1.9501901021358419,0.00012171300831947315
2.3857890450170576,0.00015519069055513438
2.598144662551554,0.00014454885715538574
2.500886768193601,0.00014929551922545194
3.6684088315836028,0.00022317703369860916
2.8155287157110664,0.0001760481539267181
3.320263417294291,0.00019774322561026404
2.889325867542873,0.00017346072173177082
4.731005143629342,0.00027698383083152826
2.762352520739689,0.00016662736100963072
3.5838311879011884,0.0002265210169043377
2.8925417590964204,0.00017723585295489723
1.3421429739916708,8.320145613001728e-05
2.714462923842516,0.00015856605961912833
3.2159313589077803,0.00019500916124274418
2.9340113412843793,0.00016571418390847834
2.805389930333487,0.0001604555628978396
2.3160226093967027,0.00013922735486131496
2.8264395953470904,0.0001794899911881678
3.604042083192697,0.00023598742552143948
3.5206282858990745,0.00021449307951847425
4.119989802734128,0.00023611169564790425
2.197677604448143,0.00013023216612671051
2.3950362070005395,0.00015406932732933842
2.4667084739893075,0.00015854369577777343
2.0490296192507627,0.00012094656955441122
2.32980806522991,0.00014707449435047616
3.837520186775721,0.00023453131141155004
3.1412784904737565,0.00018925153568755205
2.121723182154864,0.00012554536818457887
2.9023474998487093,0.00018372956077119482
3.165811207809355,0.00018838604219556214
2.271270573188531,0.00014395145228137407
2.7818080306722766,0.00015748753245297412
2.6678299364751776,0.00016220525190527958
2.5905217376995893,0.00015516203223080828
3.1565885997617342,0.00019895770780894642
3.0562323953770045,0.00019171897297291874
2.806144323215092,0.0001766433986261194
3.4266649353977696,0.00021340269825426714
3.12625644226566,0.0001924796014378004
2.793021414379582,0.00017838893034934823
3.138411860756836,0.000181628141562848
3.306530218578117,0.00019178770550382066
2.557271267460459,0.00015694269151366854
2.1081653247354564,0.00013847004870215688
1.744277274714689,0.000105435041262217
3.996715932363727,0.00024966208470458774
2.450331478789848,0.00015236199411169775
2.277931732664531,0.00013957130608648313
4.95643692357302,0.00029469641974409175
2.943220363139625,0.00017978789380452106
2.402374475648089,0.0001461431625968069
1.611874404793982,0.0001037900298385762
4.455302459731858,0.00025416836704718744
3.4050687962135826,0.00021047020368223943
2.299465000389552,0.00013258901337923664
3.135141986351898,0.00020424218561118141
4.171772067143221,0.00024775349999359055
4.159102357309962,0.000270981423803075
3.657517584113947,0.00020593868471111232
3.4703416227569557,0.00020033186560917192
4.044831383794652,0.00026289500007592014
3.2102092560850553,0.00018755567879558032
3.750609605806405,0.00021003711692625234
2.3385724744931795,0.00015191764776578085
2.700150415770498,0.00015678871303482966
2.6159333596695626,0.00015047705303632594
1.507035714173663,9.348224392076996e-05
3.0162463193871356,0.0001771237740521758
2.6437579329453667,0.00015714895280515673
3.1323322142856305,0.00019230284550058086
3.148232373749071,0.00018612466472921156
4.247077295884427,0.00025119868192104443
2.145574182358565,0.00012543078950101117
3.294043325093957,0.00020358453316604973
2.904171278980125,0.0001753022967921104
3.0192277341325973,0.00018077207209057447
3.5822668455522226,0.00021723068237888176
3.4389725030623723,0.00020620890940785728
4.869346668456843,0.0003087356900149799
2.159557152660563,0.0001406766302768503
3.8019718841802472,0.00023300258920335684
3.2800180271306196,0.00019798052123770764
2.320112168475865,0.0001324753413242948
3.43106373121292,0.0001942461499361426
3.4762901278448757,0.00020571885654203806
2.2420662844575503,0.00013081738963018196
3.6911336488774897,0.00022369065365921694
3.478027532122567,0.00021254652888731308
2.428615311166466,0.00014701589811516174
3.095346426445646,0.00018418402587250314
2.2544887830982314,0.0001374654043551145
3.451927991103564,0.00020545304389353835
2.2595639984048326,0.00013683373887914978
3.17141269485747,0.00019443084403031045
3.7244359839245447,0.00021256971709152157
3.1555372241621256,0.00018573548902659555
3.5864283089343028,0.0002161929225292707
3.78626244783963,0.0002476619697374615
2.2433671674976763,0.00014592643914591822
3.273762839066835,0.0001878228477122071
3.4574150936040864,0.00022424383552457574
3.9742335588949036,0.00023717844394872563
2.707278909924445,0.00015367776766480774
3.6749331662586764,0.0002346432679078846
3.40435601385096,0.00018138408888046466
2.9054446279286967,0.0001768753530827354
3.8290369365731713,0.0002295894660328437
2.541005618151181,0.00015279387308323865
4.063675506558767,0.00024665573795866567
3.4739556928955664,0.00021940880327197792
3.324183145324573,0.00020456062860264135
2.125057235957814,0.0001211146248029755
3.852070455187214,0.0002340760513615386
3.7408422441852247,0.00023578377423657632
3.7344886930296135,0.00021754475542111787
2.1890787523507527,0.00013339527452405398
2.275997376751264,0.00013735406781749347
2.906668398269345,0.00017758090978566284
3.707718765322693,0.0002231755208116403
3.9183481409605987,0.00023432482847872787
2.3500481841826533,0.00014167116100355723
3.079038219274528,0.0001814121591978981
3.8170829305676413,0.00022331209122325397
2.5919918901918586,0.00016177421496920102
1.758572285022929,0.00011121683010953405
4.4895939693624625,0.00026347763131360114
3.253870654561837,0.00019266096981995933
3.162088886240554,0.00018546978032913977
2.1607779945290533,0.00014109589013808218
3.4600469869614843,0.00022432256053958434
3.589127913404661,0.0002128352923344283
5.137135620530955,0.0003320125720490227
3.903384120289483,0.00024556401467128544
3.1829878444093374,0.0001906140330317031
2.5436168723033843,0.00015155744103684062
3.722491149773494,0.00022056881074617127
3.7806796064040222,0.00022398814660043562
2.8638122276156124,0.00017648010959468954
2.181041248172803,0.00012927272349405285
3.3309976754964046,0.00020727180940895173
1.9742228382030949,0.00012093170406033031
3.6514429398607424,0.000203915448905775
3.6115837289058255,0.00021969019431560856
2.3526418213301192,0.00014412067376646926
2.4950937272435962,0.0001549506426271285
3.997479645233424,0.00024633299438778
3.0886715785938175,0.00019946073974141048
3.8049310932716045,0.0002391566482897405
2.5199259040406523,0.00015571299918951584
2.6214377499566117,0.00015605683248211873
3.2414818259967992,0.0001989186206058745
3.650398180046893,0.00021927425510091282
2.639221560964769,0.00016918423986185158
2.466227198731959,0.00016666800260165186
2.1510254227670482,0.00012910226484651253
3.2659918779870836,0.00019882446253884978
3.974856310507831,0.0002473032580160432
3.50643410083027,0.0002008125010626686
